,Date,Close,Next_Day_Close,Daily_Return
1,2020-05-19,129.5096435546875,128.34506225585938,-0.009965614053177974
2,2020-05-20,128.34506225585938,127.5020523071289,-0.008992236152177813
3,2020-05-21,127.5020523071289,126.33820343017578,-0.006568308386106114
4,2020-05-22,126.33820343017578,126.50448608398438,-0.009128079555532409
5,2020-05-26,126.50448608398438,126.79325866699219,0.0013161707962745517
6,2020-05-27,126.79325866699219,128.6134796142578,0.0022827062655794705
7,2020-05-28,128.6134796142578,130.171142578125,0.014355818017472322
8,2020-05-29,130.171142578125,128.8060302734375,0.012111195253708962
9,2020-06-01,128.8060302734375,129.73361206054688,-0.010487057865902982
10,2020-06-02,129.73361206054688,130.08363342285156,0.0072013847887419935
11,2020-06-03,130.08363342285156,128.40345764160156,0.002698000593256644
12,2020-06-04,128.40345764160156,128.9022674560547,-0.012916119707299334
13,2020-06-05,128.9022674560547,128.4384765625,0.0038847070290382035
14,2020-06-08,128.4384765625,127.7296142578125,-0.003598004152353673
15,2020-06-09,127.7296142578125,129.33981323242188,-0.005519080603097581
16,2020-06-10,129.33981323242188,123.275390625,0.012606308912507247
17,2020-06-11,123.275390625,124.39547729492188,-0.04688751634830479
18,2020-06-12,124.39547729492188,123.6078872680664,0.009086052489820418
19,2020-06-15,123.6078872680664,126.41694641113281,-0.006331339723776419
20,2020-06-16,126.41694641113281,126.03193664550781,0.022725565537532688
21,2020-06-17,126.03193664550781,125.49811553955078,-0.0030455550189677494
22,2020-06-18,125.49811553955078,125.86566925048828,-0.00423560186541061
23,2020-06-19,125.86566925048828,125.4805908203125,0.002928758805319731
24,2020-06-22,125.4805908203125,125.01679992675781,-0.0030594397381658034
25,2020-06-23,125.01679992675781,122.35651397705078,-0.0036961165908027116
26,2020-06-24,122.35651397705078,122.2252426147461,-0.021279427655047867
27,2020-06-25,122.2252426147461,120.5975341796875,-0.0010728596135822777
28,2020-06-26,120.5975341796875,121.6739273071289,-0.01331728536787713
29,2020-06-29,121.6739273071289,123.0653305053711,0.008925498641104923
30,2020-06-30,123.0653305053711,122.8465576171875,0.011435508239411085
31,2020-07-01,122.8465576171875,123.36286926269531,-0.0017776971571538125
32,2020-07-02,123.36286926269531,125.1218032836914,0.00420289876674218
33,2020-07-06,125.1218032836914,125.00806427001953,0.014258212633256218
34,2020-07-07,125.00806427001953,125.37562561035156,-0.0009090263302391488
35,2020-07-08,125.37562561035156,124.6930160522461,0.0029403010316046974
36,2020-07-09,124.6930160522461,124.58800506591797,-0.005444515668674876
37,2020-07-10,124.58800506591797,127.07329559326172,-0.0008421561179026149
38,2020-07-13,127.07329559326172,129.44479370117188,0.019948072256464888
39,2020-07-14,129.44479370117188,129.74229431152344,0.018662442780274624
40,2020-07-15,129.74229431152344,130.6086883544922,0.0022982817759233942
41,2020-07-16,130.6086883544922,130.6962127685547,0.006677807322325036
42,2020-07-17,130.6962127685547,130.91500854492188,0.0006701270425819583
43,2020-07-20,130.91500854492188,131.03749084472656,0.0016740789326057381
44,2020-07-21,131.03749084472656,131.2737579345703,0.0009355863866644665
45,2020-07-22,131.2737579345703,130.9237518310547,0.0018030495571967897
46,2020-07-23,130.9237518310547,129.61984252929688,-0.0026662305476931047
47,2020-07-24,129.61984252929688,128.79725646972656,-0.009959302903573941
48,2020-07-27,128.79725646972656,128.490966796875,-0.0063461430250109085
49,2020-07-28,128.490966796875,128.23719787597656,-0.0023780760650251587
50,2020-07-29,128.23719787597656,128.4996795654297,-0.0019749942523166197
51,2020-07-30,128.4996795654297,127.55460357666016,0.002046845172856804
52,2020-07-31,127.55460357666016,128.94598388671875,-0.007354695295472058
53,2020-08-03,128.94598388671875,128.83226013183594,0.010908115199639745
54,2020-08-04,128.83226013183594,129.86485290527344,-0.0008819487932459902
55,2020-08-05,129.86485290527344,129.12100219726562,0.008015017142296799
56,2020-08-06,129.12100219726562,130.03988647460938,-0.005727883190615013
57,2020-08-07,130.03988647460938,129.54107666015625,0.007116458683769533
58,2020-08-10,129.54107666015625,128.6134796142578,-0.0038358216696114944
59,2020-08-11,128.6134796142578,130.967529296875,-0.007160640237165339
60,2020-08-12,130.967529296875,129.5148162841797,0.018303288968446685
61,2020-08-13,129.5148162841797,129.72486877441406,-0.011092161702175307
62,2020-08-14,129.72486877441406,130.3811798095703,0.001621841394373602
63,2020-08-17,130.3811798095703,131.34378051757812,0.005059253798880725
64,2020-08-18,131.34378051757812,131.60633850097656,0.007382972829466317
65,2020-08-19,131.60633850097656,132.50765991210938,0.001999013446725817
66,2020-08-20,132.50765991210938,133.68028259277344,0.006848617030144943
67,2020-08-21,133.68028259277344,134.0326690673828,0.008849470901847178
68,2020-08-24,134.0326690673828,133.953369140625,0.0026360392705246927
69,2020-08-25,133.953369140625,134.16482543945312,-0.0005916462554210744
70,2020-08-26,134.16482543945312,134.7638397216797,0.0015785814137017073
71,2020-08-27,134.7638397216797,135.34523010253906,0.004464763996558041
72,2020-08-28,135.34523010253906,135.14263916015625,0.004314142295589685
73,2020-08-31,135.14263916015625,133.4777069091797,-0.0014968458233018955
74,2020-09-01,133.4777069091797,135.5126190185547,-0.01231981454057196
75,2020-09-02,135.5126190185547,131.74227905273438,0.015245333145853301
76,2020-09-03,131.74227905273438,130.89657592773438,-0.027822796084430057
77,2020-09-04,130.89657592773438,129.72496032714844,-0.006419375245979131
78,2020-09-08,129.72496032714844,131.87440490722656,-0.008950697084947112
79,2020-09-09,131.87440490722656,129.41661071777344,0.016569244458872978
80,2020-09-10,129.41661071777344,130.18304443359375,-0.018637386012715473
81,2020-09-11,130.18304443359375,130.68515014648438,0.005922220583350901
82,2020-09-14,130.68515014648438,131.1608428955078,0.0038569209613679156
83,2020-09-15,131.1608428955078,130.7292022705078,0.003639990836680651
84,2020-09-16,130.7292022705078,129.6456756591797,-0.0032909259766185084
85,2020-09-17,129.6456756591797,131.41632080078125,-0.008288328793486177
86,2020-09-18,131.41632080078125,127.82217407226562,0.013657571936732671
87,2020-09-21,127.82217407226562,127.0381088256836,-0.027349317851959376
88,2020-09-22,127.0381088256836,127.24076080322266,-0.006134031534612672
89,2020-09-23,127.24076080322266,127.44334411621094,0.0015952061897988035
90,2020-09-24,127.44334411621094,128.31549072265625,0.001592125917115217
91,2020-09-25,128.31549072265625,129.59280395507812,0.00684340647597903
92,2020-09-28,129.59280395507812,129.54876708984375,0.009954474126453672
93,2020-09-29,129.54876708984375,131.1520538330078,-0.00033980949474354816
94,2020-09-30,131.1520538330078,129.77780151367188,0.012375932084727204
95,2020-10-01,129.77780151367188,128.82640075683594,-0.01047831337117855
96,2020-10-02,128.82640075683594,130.57943725585938,-0.007330997641655346
97,2020-10-05,130.57943725585938,128.84405517578125,0.01360774258012798
98,2020-10-06,128.84405517578125,130.27114868164062,-0.013289857243585668
99,2020-10-07,130.27114868164062,131.1608428955078,0.011076130007802165
100,2020-10-08,131.1608428955078,132.9931640625,0.006829556834886397
101,2020-10-09,132.9931640625,133.75955200195312,0.013970031958790763
102,2020-10-12,133.75955200195312,130.69398498535156,0.005762611521092698
103,2020-10-13,130.69398498535156,130.4649200439453,-0.022918490460829277
104,2020-10-14,130.4649200439453,129.66323852539062,-0.0017526815899899795
105,2020-10-15,129.66323852539062,130.4649200439453,-0.006144805195792524
106,2020-10-16,130.4649200439453,127.13504028320312,0.00618279728064719
107,2020-10-19,127.13504028320312,127.33765411376953,-0.025523180941057322
108,2020-10-20,127.33765411376953,126.79144287109375,0.0015936899073227817
109,2020-10-21,126.79144287109375,127.80452728271484,-0.004289471535165679
110,2020-10-22,127.80452728271484,127.94548034667969,0.007990163915486681
111,2020-10-23,127.94548034667969,126.82670593261719,0.0011028800541081907
112,2020-10-26,126.82670593261719,126.10433197021484,-0.008744149547378122
113,2020-10-27,126.10433197021484,121.88473510742188,-0.005695755930033686
114,2020-10-28,121.88473510742188,120.85405731201172,-0.03346115709799413
115,2020-10-29,120.85405731201172,120.78356170654297,-0.008456167989385865
116,2020-10-30,120.78356170654297,122.17543029785156,-0.0005833118642161184
117,2020-11-02,122.17543029785156,122.00804901123047,0.011523659110916906
118,2020-11-03,122.00804901123047,122.80088806152344,-0.0013700077520745202
119,2020-11-04,122.80088806152344,123.11799621582031,0.006498252014668138
120,2020-11-05,123.11799621582031,125.3115234375,0.0025822952855032444
121,2020-11-06,125.3115234375,128.6854248046875,0.0178164629794213
122,2020-11-09,128.6854248046875,130.6234893798828,0.026924111004605678
123,2020-11-10,130.6234893798828,130.20066833496094,0.015060482398350894
124,2020-11-11,130.20066833496094,130.6411590576172,-0.0032369449547640095
125,2020-11-12,130.6411590576172,132.0505828857422,0.003383167907579532
126,2020-11-13,132.0505828857422,132.88746643066406,0.01078851288745386
127,2020-11-16,132.88746643066406,131.5660858154297,0.006337598264492206
128,2020-11-17,131.5660858154297,129.82183837890625,-0.00994360605049105
129,2020-11-18,129.82183837890625,129.61924743652344,-0.01325757641654246
130,2020-11-19,129.61924743652344,128.93209838867188,-0.0015605305310152362
131,2020-11-20,128.93209838867188,127.61927795410156,-0.005301288670018445
132,2020-11-23,127.61927795410156,127.61927795410156,-0.010182262221566818
133,2020-11-24,127.61927795410156,127.45071411132812,0.0
134,2020-11-25,127.45071411132812,127.73462677001953,-0.001320833697508128
135,2020-11-27,127.73462677001953,128.33778381347656,0.002227627053100756
136,2020-11-30,128.33778381347656,130.79493713378906,0.004721954091140734
137,2020-12-01,130.79493713378906,131.40699768066406,0.019145985284300115
138,2020-12-02,131.40699768066406,132.1698455810547,0.004679543109905815
139,2020-12-03,132.1698455810547,133.29640197753906,0.00580523042041059
140,2020-12-04,133.29640197753906,132.14320373535156,0.008523550826073256
141,2020-12-07,132.14320373535156,134.43179321289062,-0.008651383121217493
142,2020-12-08,134.43179321289062,135.80670166015625,0.017319010080325548
143,2020-12-09,135.80670166015625,135.05271911621094,0.010227554170078479
144,2020-12-10,135.05271911621094,135.67367553710938,-0.0055518802439668
145,2020-12-11,135.67367553710938,132.23193359375,0.004597881664004877
146,2020-12-14,132.23193359375,133.56248474121094,-0.025367794671546262
147,2020-12-15,133.56248474121094,132.76417541503906,0.010062252825771445
148,2020-12-16,132.76417541503906,136.26803588867188,-0.005977047579780126
149,2020-12-17,136.26803588867188,137.05747985839844,0.026391611010118332
150,2020-12-18,137.05747985839844,135.73573303222656,0.0057933172998216875
151,2020-12-21,135.73573303222656,135.46966552734375,-0.00964374091466913
152,2020-12-22,135.46966552734375,134.77774047851562,-0.0019601876303245724
153,2020-12-23,134.77774047851562,135.24789428710938,-0.005107601366952985
154,2020-12-24,135.24789428710938,135.8865509033203,0.0034883639310505643
155,2020-12-28,135.8865509033203,136.729248046875,0.004722118740386305
156,2020-12-29,136.729248046875,138.4235076904297,0.006201475701257841
157,2020-12-30,138.4235076904297,139.603271484375,0.012391347628664118
158,2020-12-31,139.603271484375,138.82266235351562,0.008522857234507741
159,2021-01-04,138.82266235351562,140.454833984375,-0.005591624913652171
160,2021-01-05,140.454833984375,141.77658081054688,0.011757241960271614
161,2021-01-06,141.77658081054688,142.2555389404297,0.009410475870975876
162,2021-01-07,142.2555389404297,141.96286010742188,0.0033782598447824608
163,2021-01-08,141.96286010742188,141.36846923828125,-0.0020574160780507667
164,2021-01-11,141.36846923828125,140.26856994628906,-0.004186946280814952
165,2021-01-12,140.26856994628906,140.05564880371094,-0.007780372086637399
166,2021-01-13,140.05564880371094,142.50392150878906,-0.0015179533281023394
167,2021-01-14,142.50392150878906,142.1934356689453,0.017480713744787213
168,2021-01-15,142.1934356689453,144.393310546875,-0.002178788040051227
169,2021-01-19,144.393310546875,144.0385284423828,0.015471001650536387
170,2021-01-20,144.0385284423828,143.4619140625,-0.0024570536069052906
171,2021-01-21,143.4619140625,145.07635498046875,-0.004003195437486506
172,2021-01-22,145.07635498046875,147.23187255859375,0.01125344610462542
173,2021-01-25,147.23187255859375,151.22357177734375,0.014857814551621384
174,2021-01-26,151.22357177734375,148.91725158691406,0.027111651501691147
175,2021-01-27,148.91725158691406,150.05270385742188,-0.015251062802731807
176,2021-01-28,150.05270385742188,144.70379638671875,0.0076247194895691095
177,2021-01-29,144.70379638671875,144.3312530517578,-0.0356468582917745
178,2021-02-01,144.3312530517578,143.03614807128906,-0.002574523573419696
179,2021-02-02,143.03614807128906,142.37086486816406,-0.008973143051729249
180,2021-02-03,142.37086486816406,143.6925811767578,-0.004651154355704734
181,2021-02-04,143.6925811767578,145.87469482421875,0.009283615083870211
182,2021-02-05,145.87469482421875,146.2915802001953,0.015185986844906685
183,2021-02-08,146.2915802001953,147.48912048339844,0.002857832035082719
184,2021-02-09,147.48912048339844,147.9681396484375,0.008185982279802717
185,2021-02-10,147.9681396484375,147.3028564453125,0.00324782711747873
186,2021-02-11,147.3028564453125,147.7640838623047,-0.004496124670524848
187,2021-02-12,147.7640838623047,146.42465209960938,0.0031311505297484388
188,2021-02-16,146.42465209960938,146.94802856445312,-0.009064663940551831
189,2021-02-17,146.94802856445312,147.01898193359375,0.003574373968720179
190,2021-02-18,147.01898193359375,144.5707244873047,0.00048284668963427535
191,2021-02-19,144.5707244873047,144.48147583007812,-0.016652662221500747
192,2021-02-22,144.48147583007812,143.20509338378906,-0.0006173356157899157
193,2021-02-23,143.20509338378906,145.1241455078125,-0.008834229017636752
194,2021-02-24,145.1241455078125,145.27586364746094,0.013400725342082476
195,2021-02-25,145.27586364746094,141.43777465820312,0.0010454369196630786
196,2021-02-26,141.43777465820312,142.20542907714844,-0.026419316277972005
197,2021-03-01,142.20542907714844,141.9376678466797,0.005427506341926014
198,2021-03-02,141.9376678466797,139.4384307861328,-0.001882918480724749
199,2021-03-03,139.4384307861328,136.62681579589844,-0.017607990172464616
200,2021-03-04,136.62681579589844,139.33132934570312,-0.020163845608293984
201,2021-03-05,139.33132934570312,140.49163818359375,0.019794895563143733
202,2021-03-08,140.49163818359375,140.7594451904297,0.008327695166187032
203,2021-03-09,140.7594451904297,142.0536651611328,0.0019062131405001015
204,2021-03-10,142.0536651611328,142.04470825195312,0.009194551519808858
205,2021-03-11,142.04470825195312,142.455322265625,-6.305299598940994e-05
206,2021-03-12,142.455322265625,143.18724060058594,0.0028907378439155806
207,2021-03-15,143.18724060058594,144.03517150878906,0.005137879886272012
208,2021-03-16,144.03517150878906,143.49964904785156,0.005921832871745858
209,2021-03-17,143.49964904785156,143.23184204101562,-0.0037179978704355854
210,2021-03-18,143.23184204101562,142.84811401367188,-0.0018662554829429467
211,2021-03-19,142.84811401367188,143.25865173339844,-0.002679069275907664
212,2021-03-22,143.25865173339844,143.12474060058594,0.00287394567692556
213,2021-03-23,143.12474060058594,144.51718139648438,-0.0009347507546120237
214,2021-03-24,144.51718139648438,144.5707550048828,0.009728861621375984
215,2021-03-25,144.5707550048828,147.21275329589844,0.00037070753719903315
216,2021-03-26,147.21275329589844,148.2035369873047,0.01827477687950374
217,2021-03-29,148.2035369873047,147.28416442871094,0.006730284362080896
218,2021-03-30,147.28416442871094,146.695068359375,-0.006203445459419088
219,2021-03-31,146.695068359375,145.33831787109375,-0.003999724421297701
220,2021-04-01,145.33831787109375,145.87393188476562,-0.009248780504041654
221,2021-04-05,145.87393188476562,145.83816528320312,0.0036852911298101976
222,2021-04-06,145.83816528320312,146.03456115722656,-0.00024518843840282134
223,2021-04-07,146.03456115722656,145.46328735351562,0.0013466699450179753
224,2021-04-08,145.46328735351562,143.92808532714844,-0.003911908244075724
225,2021-04-09,143.92808532714844,144.27618408203125,-0.01055387963724641
226,2021-04-12,144.27618408203125,142.34825134277344,0.002418560311502782
227,2021-04-13,142.34825134277344,142.740966796875,-0.013362792698770387
228,2021-04-14,142.740966796875,143.1604766845703,0.0027588358156638293
229,2021-04-15,143.1604766845703,144.81173706054688,0.002938959270832875
230,2021-04-16,144.81173706054688,145.21339416503906,0.011534331361684691
231,2021-04-19,145.21339416503906,148.5962371826172,0.002773650207125389
232,2021-04-20,148.5962371826172,148.69447326660156,0.02329566798592575
233,2021-04-21,148.69447326660156,147.43589782714844,0.0006610940212681271
234,2021-04-22,147.43589782714844,147.73939514160156,-0.008464170939269322
235,2021-04-23,147.73939514160156,146.48976135253906,0.00205850351865422
236,2021-04-26,146.48976135253906,145.65074157714844,-0.008458365406632251
237,2021-04-27,145.65074157714844,144.57965087890625,-0.005727497728468922
238,2021-04-28,144.57965087890625,146.5611572265625,-0.00735382934988249
239,2021-04-29,146.5611572265625,145.2490692138672,0.013705292104460032
240,2021-04-30,145.2490692138672,147.46267700195312,-0.00895249490058958
241,2021-05-03,147.46267700195312,149.7476806640625,0.015240082432656399
242,2021-05-04,149.7476806640625,149.1228790283203,0.015495471183390341
243,2021-05-05,149.1228790283203,149.72088623046875,-0.00417236269016974
244,2021-05-06,149.72088623046875,150.39926147460938,0.004010164007327566
245,2021-05-07,150.39926147460938,151.97911071777344,0.004530932598785009
246,2021-05-10,151.97911071777344,150.73846435546875,0.010504368357093119
247,2021-05-11,150.73846435546875,150.1315155029297,-0.008163268994306638
248,2021-05-12,150.1315155029297,151.70242309570312,-0.004026502824838185
249,2021-05-13,151.70242309570312,151.93447875976562,0.01046354316421172
250,2021-05-14,151.93447875976562,152.0862274169922,0.0015296767139711953
251,2021-05-17,152.0862274169922,152.13980102539062,0.0009987769627097798
252,2021-05-18,152.13980102539062,151.8095245361328,0.0003522581190178453
253,2021-05-19,151.8095245361328,152.69322204589844,-0.002170874991500038
254,2021-05-20,152.69322204589844,152.59500122070312,0.0058210939825142916
255,2021-05-21,152.59500122070312,153.17881774902344,-0.0006432559604104826
256,2021-05-24,153.17881774902344,152.7566680908203,0.003825921712048208
257,2021-05-25,152.7566680908203,151.8495635986328,-0.0027559271210383374
258,2021-05-26,151.8495635986328,151.61602783203125,-0.005938231721892451
259,2021-05-27,151.61602783203125,152.01121520996094,-0.001537941638204754
260,2021-05-28,152.01121520996094,148.67010498046875,0.0026065013282599026
261,2021-06-01,148.67010498046875,149.27186584472656,-0.021979366620268004
262,2021-06-02,149.27186584472656,149.12815856933594,0.004047625205732208
263,2021-06-03,149.12815856933594,149.06527709960938,-0.0009627217733052529
264,2021-06-04,149.06527709960938,148.05035400390625,-0.0004216606060841732
265,2021-06-07,148.05035400390625,146.74806213378906,-0.006808581551993043
266,2021-06-08,146.74806213378906,148.7239990234375,-0.008796276637628497
267,2021-06-09,148.7239990234375,150.0622100830078,0.013464824413469856
268,2021-06-10,150.0622100830078,148.15817260742188,0.008997949681002204
269,2021-06-11,148.15817260742188,148.52639770507812,-0.01268832089393268
270,2021-06-14,148.52639770507812,147.73599243164062,0.002485351237639488
271,2021-06-15,147.73599243164062,147.68215942382812,-0.005321648445328675
272,2021-06-16,147.68215942382812,148.39169311523438,-0.00036438654471693255
273,2021-06-17,148.39169311523438,145.48167419433594,0.004804464494387428
274,2021-06-18,145.48167419433594,147.15223693847656,-0.019610389637098158
275,2021-06-21,147.15223693847656,146.95465087890625,0.01148297717490565
276,2021-06-22,146.95465087890625,146.06549072265625,-0.0013427322865158242
277,2021-06-23,146.06549072265625,146.73013305664062,-0.006050575132750868
278,2021-06-24,146.73013305664062,147.4845428466797,0.004550303639114794
279,2021-06-25,147.4845428466797,147.3139190673828,0.005141478265734634
280,2021-06-28,147.3139190673828,147.32289123535156,-0.0011568926207694563
281,2021-06-29,147.32289123535156,147.9605712890625,6.0905093188345916e-05
282,2021-06-30,147.9605712890625,149.05628967285156,0.0043284519354989115
283,2021-07-01,149.05628967285156,151.7686767578125,0.00740547548744197
284,2021-07-02,151.7686767578125,150.861572265625,0.01819706562476542
285,2021-07-06,150.861572265625,152.15489196777344,-0.005976888720160778
286,2021-07-07,152.15489196777344,151.8585205078125,0.008572890251145271
287,2021-07-08,151.8585205078125,152.4602813720703,-0.0019478273496701393
288,2021-07-09,152.4602813720703,152.2177734375,0.003962641426016322
289,2021-07-12,152.2177734375,152.02919006347656,-0.0015906302440731324
290,2021-07-13,152.02919006347656,153.06202697753906,-0.0012389050881819186
291,2021-07-14,153.06202697753906,151.22084045410156,0.0067936750411632385
292,2021-07-15,151.22084045410156,150.9783172607422,-0.012029022219258056
293,2021-07-16,150.9783172607422,149.88259887695312,-0.0016037683207625886
294,2021-07-19,149.88259887695312,151.29266357421875,-0.007257455266882706
295,2021-07-20,151.29266357421875,152.2267608642578,0.00940779455274332
296,2021-07-21,152.2267608642578,152.66683959960938,0.006174108300901482
297,2021-07-22,152.66683959960938,154.29248046875,0.002890941992413465
298,2021-07-23,154.29248046875,154.36431884765625,0.010648290574456709
299,2021-07-26,154.36431884765625,155.07388305664062,0.00046559870376050583
300,2021-07-27,155.07388305664062,154.6427764892578,0.004596685388704724
301,2021-07-28,154.6427764892578,154.6427764892578,-0.0027800075608176433
302,2021-07-29,154.6427764892578,154.6607208251953,0.0
303,2021-07-30,154.6607208251953,154.7236328125,0.0001160373367892209
304,2021-08-02,154.7236328125,156.627685546875,0.00040677417620327283
305,2021-08-03,156.627685546875,155.7025909423828,0.012306153234408646
306,2021-08-04,155.7025909423828,155.9989776611328,-0.005906328764689106
307,2021-08-05,155.9989776611328,155.47804260253906,0.00190354390993841
308,2021-08-06,155.47804260253906,156.01695251464844,-0.003339349182950091
309,2021-08-09,156.01695251464844,156.07081604003906,0.003466148036652461
310,2021-08-10,156.07081604003906,156.09779357910156,0.0003452414915332547
311,2021-08-11,156.09779357910156,157.35519409179688,0.00017285447559634015
312,2021-08-12,157.35519409179688,158.29823303222656,0.008055210031256088
313,2021-08-13,158.29823303222656,159.72625732421875,0.005993058861975209
314,2021-08-16,159.72625732421875,161.1902618408203,0.00902110064425976
315,2021-08-17,161.1902618408203,159.14248657226562,0.00916570976573916
316,2021-08-18,159.14248657226562,160.38192749023438,-0.012704087983782308
317,2021-08-19,160.38192749023438,161.163330078125,0.007788246524638387
318,2021-08-20,161.163330078125,160.4676513671875,0.004872136157225038
319,2021-08-23,160.4676513671875,158.46189880371094,-0.004316606703275938
320,2021-08-24,158.46189880371094,157.4138641357422,-0.012499419954037583
321,2021-08-25,157.4138641357422,156.57359313964844,-0.00661379597165479
322,2021-08-26,156.57359313964844,156.23931884765625,-0.005337973251003825
323,2021-08-27,156.23931884765625,156.89886474609375,-0.002134934028716118
324,2021-08-30,156.89886474609375,156.4199981689453,0.004221382321057066
325,2021-08-31,156.4199981689453,156.97113037109375,-0.0030520716508903867
326,2021-09-01,156.97113037109375,158.04629516601562,0.003523412662063574
327,2021-09-02,158.04629516601562,158.14569091796875,0.006849442903163805
328,2021-09-03,158.14569091796875,155.68820190429688,0.000628902764526762
329,2021-09-07,155.68820190429688,155.30873107910156,-0.015539399141432098
330,2021-09-08,155.30873107910156,151.84841918945312,-0.0024373768888960035
331,2021-09-09,151.84841918945312,150.8545684814453,-0.0222802148057345
332,2021-09-10,150.8545684814453,149.79750061035156,-0.006545018468502084
333,2021-09-13,149.79750061035156,148.89404296875,-0.007007198268733639
334,2021-09-14,148.89404296875,149.45416259765625,-0.006031193030060056
335,2021-09-15,149.45416259765625,149.27349853515625,0.003761867283191389
336,2021-09-16,149.27349853515625,148.8488311767578,-0.0012088258992581924
337,2021-09-17,148.8488311767578,147.9995574951172,-0.0028448945229110345
338,2021-09-20,147.9995574951172,148.65008544921875,-0.005705612028838236
339,2021-09-21,148.65008544921875,148.1079559326172,0.004395472291347957
340,2021-09-22,148.1079559326172,148.94821166992188,-0.0036470178605229053
341,2021-09-23,148.94821166992188,148.49647521972656,0.005673265369261937
342,2021-09-24,148.49647521972656,147.42132568359375,-0.0030328423895171763
343,2021-09-27,147.42132568359375,147.0960693359375,-0.0072402360698591295
344,2021-09-28,147.0960693359375,148.18934631347656,-0.0022063045909269663
345,2021-09-29,148.18934631347656,145.91249084472656,0.007432401032023694
346,2021-09-30,145.91249084472656,144.98194885253906,-0.015364501736404135
347,2021-10-01,144.98194885253906,143.85256958007812,-0.00637739775944024
348,2021-10-04,143.85256958007812,144.17782592773438,-0.007789792325178513
349,2021-10-05,144.17782592773438,144.47598266601562,0.002261039539340315
350,2021-10-06,144.47598266601562,145.76792907714844,0.002067979152568844
351,2021-10-07,145.76792907714844,145.3975067138672,0.008942291911032685
352,2021-10-08,145.3975067138672,144.78314208984375,-0.002541178746425121
353,2021-10-11,144.78314208984375,142.47027587890625,-0.004225413749580076
354,2021-10-12,142.47027587890625,143.83448791503906,-0.015974692754645914
355,2021-10-13,143.83448791503906,144.65667724609375,0.00957541513636384
356,2021-10-14,144.65667724609375,145.7318115234375,0.005716218293489783
357,2021-10-15,145.7318115234375,144.66571044921875,0.007432316971547115
358,2021-10-18,144.66571044921875,148.05381774902344,-0.007315500048164059
359,2021-10-19,148.05381774902344,147.9724578857422,0.023420251345559917
360,2021-10-20,147.9724578857422,147.62911987304688,-0.0005495289788417512
361,2021-10-21,147.62911987304688,147.9182586669922,-0.0023202832310890154
362,2021-10-22,147.9182586669922,148.2435302734375,0.001958548518029124
363,2021-10-25,148.2435302734375,149.7523193359375,0.002198995643787338
364,2021-10-26,149.7523193359375,147.9363250732422,0.010177773422671565
365,2021-10-27,147.9363250732422,147.1322021484375,-0.012126651999435967
366,2021-10-28,147.1322021484375,147.15933227539062,-0.0054356015968800575
367,2021-10-29,147.15933227539062,147.2858123779297,0.00018439285592797283
368,2021-11-01,147.2858123779297,149.60777282714844,0.0008594772793775185
369,2021-11-02,149.60777282714844,149.12890625,0.015764997400161684
370,2021-11-03,149.12890625,148.7133026123047,-0.0032008134878239725
371,2021-11-04,148.7133026123047,147.65625,-0.002786875114597742
372,2021-11-05,147.65625,147.15028381347656,-0.007107989626593314
373,2021-11-08,147.15028381347656,146.82501220703125,-0.0034266493055555847
374,2021-11-09,146.82501220703125,148.4152069091797,-0.0022104721650256787
375,2021-11-10,148.4152069091797,147.32196044921875,0.010830543639977153
376,2021-11-11,147.32196044921875,149.08375549316406,-0.007366135066131929
377,2021-11-12,149.08375549316406,147.73757934570312,0.011958808032239032
378,2021-11-15,147.73757934570312,146.9695587158203,-0.009029663513692943
379,2021-11-16,146.9695587158203,147.52073669433594,-0.005198546187667352
380,2021-11-17,147.52073669433594,146.7256317138672,0.0037502866806682356
381,2021-11-18,146.7256317138672,147.1683349609375,-0.0053897845027456315
382,2021-11-19,147.1683349609375,145.23133850097656,0.003017218204475869
383,2021-11-22,145.23133850097656,146.1316375732422,-0.01316177464720969
384,2021-11-23,146.1316375732422,145.72242736816406,0.0061990688893882595
385,2021-11-24,145.72242736816406,144.776611328125,-0.002800284810830389
386,2021-11-26,144.776611328125,145.2768096923828,-0.00649053173983638
387,2021-11-29,145.2768096923828,141.8028564453125,0.0034549666528949086
388,2021-11-30,141.8028564453125,143.7581024169922,-0.02391264823633077
389,2021-12-01,143.7581024169922,142.8577880859375,0.013788480857815033
390,2021-12-02,142.8577880859375,144.9403076171875,-0.006262703221020516
391,2021-12-03,144.9403076171875,148.17779541015625,0.014577570877670532
392,2021-12-06,148.17779541015625,148.5597686767578,0.02233669740455846
393,2021-12-07,148.5597686767578,149.45095825195312,0.002577803682017654
394,2021-12-08,149.45095825195312,150.86965942382812,0.005998862162571061
395,2021-12-09,150.86965942382812,150.49676513671875,0.009492753933924458
396,2021-12-10,150.49676513671875,153.18858337402344,-0.0024716320599745822
397,2021-12-13,153.18858337402344,154.86187744140625,0.017886219912164325
398,2021-12-14,154.86187744140625,155.63487243652344,0.010923099036024952
399,2021-12-15,155.63487243652344,157.33543395996094,0.004991512487698246
400,2021-12-16,157.33543395996094,152.988525390625,0.010926609806751975
401,2021-12-17,152.988525390625,152.55201721191406,-0.02762828728360167
402,2021-12-20,152.55201721191406,152.0609588623047,-0.002853208615459235
403,2021-12-21,152.0609588623047,152.7156982421875,-0.0032189567767382243
404,2021-12-22,152.7156982421875,153.0067138671875,0.004305769112476154
405,2021-12-23,153.0067138671875,154.29806518554688,0.001905603866201755
406,2021-12-27,154.29806518554688,154.9164581298828,0.008439834342696129
407,2021-12-28,154.9164581298828,156.0077362060547,0.004007781585545489
408,2021-12-29,156.0077362060547,156.69888305664062,0.007044300452937913
409,2021-12-30,156.69888305664062,155.5712127685547,0.004430208830625393
410,2021-12-31,155.5712127685547,155.99862670898438,-0.007196415609920681
411,2022-01-03,155.99862670898438,155.580322265625,0.0027473845117191864
412,2022-01-04,155.580322265625,156.61703491210938,-0.0026814623447918295
413,2022-01-05,156.61703491210938,156.0804443359375,0.0066635203693330425
414,2022-01-06,156.0804443359375,158.19029235839844,-0.003426131624015283
415,2022-01-07,158.19029235839844,157.40823364257812,0.01351769615621956
416,2022-01-10,157.40823364257812,155.73487854003906,-0.004943784502581705
417,2022-01-11,155.73487854003906,154.40719604492188,-0.010630670733137726
418,2022-01-12,154.40719604492188,153.4705047607422,-0.008525273898588148
419,2022-01-13,153.4705047607422,152.63385009765625,-0.0060663706625899705
420,2022-01-14,152.63385009765625,151.96092224121094,-0.005451566503871685
421,2022-01-18,151.96092224121094,151.48800659179688,-0.004408772077850176
422,2022-01-19,151.48800659179688,150.2785186767578,-0.0031120872553234147
423,2022-01-20,150.2785186767578,149.93292236328125,-0.007984050633778383
424,2022-01-21,149.93292236328125,148.205078125,-0.0022997053505692255
425,2022-01-24,148.205078125,152.44288635253906,-0.011524114991200873
426,2022-01-25,152.44288635253906,153.1249237060547,0.02859421742596968
427,2022-01-26,153.1249237060547,155.13470458984375,0.004474051691322201
428,2022-01-27,155.13470458984375,156.22596740722656,0.01312510618876872
429,2022-01-28,156.22596740722656,156.68069458007812,0.007034292038444745
430,2022-01-31,156.68069458007812,155.39845275878906,0.0029107015971694405
431,2022-02-01,155.39845275878906,157.11724853515625,-0.008183789488077076
432,2022-02-02,157.11724853515625,157.1080780029297,0.011060572006049041
433,2022-02-03,157.1080780029297,156.0804443359375,-5.8367444135232205e-05
434,2022-02-04,156.0804443359375,155.5621337890625,-0.006540934623189942
435,2022-02-07,155.5621337890625,155.97137451171875,-0.0033207910771924087
436,2022-02-08,155.97137451171875,155.95318603515625,0.0026307219674113203
437,2022-02-09,155.95318603515625,154.07069396972656,-0.00011661419680020213
438,2022-02-10,154.07069396972656,152.51564025878906,-0.01207087917399341
439,2022-02-11,152.51564025878906,150.5968017578125,-0.010093118106179633
440,2022-02-14,150.5968017578125,152.15185546875,-0.012581257225296127
441,2022-02-15,152.15185546875,152.0609588623047,0.010325941140757466
442,2022-02-16,152.0609588623047,151.1333770751953,-0.000597407150673801
443,2022-02-17,151.1333770751953,149.51339721679688,-0.006100065355692852
444,2022-02-18,149.51339721679688,147.48153686523438,-0.010718875537284012
445,2022-02-22,147.48153686523438,147.5547637939453,-0.01358982130956643
446,2022-02-23,147.5547637939453,144.73583984375,0.0004965159047525258
447,2022-02-24,144.73583984375,151.92959594726562,-0.019104255787578905
448,2022-02-25,151.92959594726562,150.62083435058594,0.049702659073810995
449,2022-02-28,150.62083435058594,150.09913635253906,-0.00861426365626583
450,2022-03-01,150.09913635253906,151.9661865234375,-0.0034636509636679635
451,2022-03-02,151.9661865234375,154.19940185546875,0.012438780237304492
452,2022-03-03,154.19940185546875,155.11463928222656,0.014695475244335565
453,2022-03-04,155.11463928222656,157.61325073242188,0.00593541489619831
454,2022-03-07,157.61325073242188,154.41905212402344,0.016108160143731842
455,2022-03-08,154.41905212402344,155.00482177734375,-0.020266053733141942
456,2022-03-09,155.00482177734375,155.27938842773438,0.0037933768227631504
457,2022-03-10,155.27938842773438,154.99566650390625,0.0017713426411019029
458,2022-03-11,154.99566650390625,157.13729858398438,-0.0018271705388649417
459,2022-03-14,157.13729858398438,161.21011352539062,0.013817367468297315
460,2022-03-15,161.21011352539062,159.72743225097656,0.02591883008113105
461,2022-03-16,159.72743225097656,161.81417846679688,-0.009197197632272225
462,2022-03-17,161.81417846679688,160.0203094482422,0.01306441972059913
463,2022-03-18,160.0203094482422,160.9263916015625,-0.011085981683136459
464,2022-03-21,160.9263916015625,160.166748046875,0.005662294720242267
465,2022-03-22,160.166748046875,159.5626983642578,-0.004720441110543927
466,2022-03-23,159.5626983642578,160.3864288330078,-0.003771380077220554
467,2022-03-24,160.3864288330078,161.92398071289062,0.005162425035389884
468,2022-03-25,161.92398071289062,162.75686645507812,0.009586546013089947
469,2022-03-28,162.75686645507812,162.67449951171875,0.00514368371207663
470,2022-03-29,162.67449951171875,164.36770629882812,-0.0005060735387291126
471,2022-03-30,164.36770629882812,162.20773315429688,0.010408556916982503
472,2022-03-31,162.20773315429688,163.08633422851562,-0.013141104132732284
473,2022-04-01,163.08633422851562,161.51214599609375,0.005416517801793086
474,2022-04-04,161.51214599609375,162.55552673339844,-0.009652484004062156
475,2022-04-05,162.55552673339844,166.78392028808594,0.0064600759953368225
476,2022-04-06,166.78392028808594,166.35374450683594,0.026011995037377833
477,2022-04-07,166.35374450683594,166.68325805664062,-0.002579240136021288
478,2022-04-08,166.68325805664062,164.59649658203125,0.001980800316707887
479,2022-04-11,164.59649658203125,164.65138244628906,-0.012519322569878422
480,2022-04-12,164.65138244628906,165.3470001220703,0.0003334570625594946
481,2022-04-13,165.3470001220703,164.65138244628906,0.004224790982293669
482,2022-04-14,164.65138244628906,162.601318359375,-0.004207017213905928
483,2022-04-18,162.601318359375,167.5618896484375,-0.0124509375898062
484,2022-04-19,167.5618896484375,168.30320739746094,0.030507571150799828
485,2022-04-20,168.30320739746094,167.81813049316406,0.004424142927599961
486,2022-04-21,167.81813049316406,166.15240478515625,-0.0028821607846802877
487,2022-04-22,166.15240478515625,170.2435302734375,-0.009925779193897477
488,2022-04-25,170.2435302734375,169.0262451171875,0.024622728112610126
489,2022-04-26,169.0262451171875,166.66493225097656,-0.007150257952797667
490,2022-04-27,166.66493225097656,167.90968322753906,-0.013970095972810737
491,2022-04-28,167.90968322753906,165.16392517089844,0.007468583581146326
492,2022-04-29,165.16392517089844,163.49819946289062,-0.016352589105416704
493,2022-05-02,163.49819946289062,163.17787170410156,-0.010085287730261072
494,2022-05-03,163.17787170410156,164.92601013183594,-0.0019592127610051913
495,2022-05-04,164.92601013183594,161.77757263183594,0.010713085110610754
496,2022-05-05,161.77757263183594,161.42062377929688,-0.01908999979738335
497,2022-05-06,161.42062377929688,162.2992706298828,-0.00220641740837213
498,2022-05-09,162.2992706298828,162.07958984375,0.005443213079062703
499,2022-05-10,162.07958984375,161.20098876953125,-0.0013535537484563598
500,2022-05-11,161.20098876953125,162.79347229003906,-0.005420800207266985
501,2022-05-12,162.79347229003906,161.85995483398438,0.009878869432895288
502,2022-05-13,161.85995483398438,162.98570251464844,-0.00573436663597604
503,2022-05-16,162.98570251464844,163.66294860839844,0.0069550722525451025
504,2022-05-17,163.66294860839844,160.62437438964844,0.004155248486836571
505,2022-05-18,160.62437438964844,159.19662475585938,-0.018566048360893816
506,2022-05-19,159.19662475585938,161.97891235351562,-0.00888874829374009
507,2022-05-20,161.97891235351562,165.28575134277344,0.01747705142570144
508,2022-05-23,165.28575134277344,167.0911407470703,0.020415243819150497
509,2022-05-24,167.0911407470703,165.4515380859375,0.010922837507951977
510,2022-05-25,165.4515380859375,165.3041534423828,-0.009812624737625786
511,2022-05-26,165.3041534423828,166.80560302734375,-0.000890802498784482
512,2022-05-27,166.80560302734375,165.36866760253906,0.009082951357808788
513,2022-05-31,165.36866760253906,163.69219970703125,-0.008614431402338085
514,2022-06-01,163.69219970703125,163.1763916015625,-0.010137760192500123
515,2022-06-02,163.1763916015625,162.50393676757812,-0.003151085429800027
516,2022-06-03,162.50393676757812,162.48553466796875,-0.00412103017712484
517,2022-06-06,162.48553466796875,164.2725067138672,-0.00011324094649900474
518,2022-06-07,164.2725067138672,163.29611206054688,0.010997730041323539
519,2022-06-08,163.29611206054688,160.0077362060547,-0.0059437496441264726
520,2022-06-09,160.0077362060547,158.93923950195312,-0.02013750243651191
521,2022-06-10,158.93923950195312,157.33648681640625,-0.006677781521298276
522,2022-06-13,157.33648681640625,154.9231414794922,-0.010084059106921672
523,2022-06-14,154.9231414794922,156.5811767578125,-0.01533875190520917
524,2022-06-15,156.5811767578125,156.6640625,0.010702308657611237
525,2022-06-16,156.6640625,156.0929718017578,0.0005293467829514675
526,2022-06-17,156.0929718017578,159.36294555664062,-0.0036453203697700554
527,2022-06-21,159.36294555664062,161.87762451171875,0.020948885251770077
528,2022-06-22,161.87762451171875,165.4884033203125,0.015779571256634206
529,2022-06-23,165.4884033203125,167.9109344482422,0.022305607828661644
530,2022-06-24,167.9109344482422,167.7543487548828,0.01463867606022351
531,2022-06-27,167.7543487548828,162.98297119140625,-0.000932552093012351
532,2022-06-28,162.98297119140625,163.02902221679688,-0.02844264604101765
533,2022-06-29,163.02902221679688,163.5079803466797,0.00028255114662578684
534,2022-06-30,163.5079803466797,165.35943603515625,0.0029378703458449174
535,2022-07-01,165.35943603515625,164.0883026123047,0.011323335317034555
536,2022-07-05,164.0883026123047,164.2356719970703,-0.007687093360558617
537,2022-07-06,164.2356719970703,164.41989135742188,0.0008981102395446694
538,2022-07-07,164.41989135742188,164.2172393798828,0.0011216769055801823
539,2022-07-08,164.2172393798828,164.28172302246094,-0.0012325271344361122
540,2022-07-11,164.28172302246094,161.9789276123047,0.0003926727962400012
541,2022-07-12,161.9789276123047,161.60128784179688,-0.014017356086784005
542,2022-07-13,161.60128784179688,161.82232666015625,-0.002331412956453782
543,2022-07-14,161.82232666015625,164.171142578125,0.0013678035695838808
544,2022-07-15,164.171142578125,160.48670959472656,0.014514782764812884
545,2022-07-18,160.48670959472656,158.1470489501953,-0.022442634713619736
546,2022-07-19,158.1470489501953,157.244384765625,-0.014578532081812479
547,2022-07-20,157.244384765625,157.79701232910156,-0.005707752313826475
548,2022-07-21,157.79701232910156,158.54315185546875,0.0035144502253625642
549,2022-07-22,158.54315185546875,158.85630798339844,0.004728476891634914
550,2022-07-25,158.85630798339844,159.98008728027344,0.0019752106872150677
551,2022-07-26,159.98008728027344,159.5379638671875,0.0070741874285058515
552,2022-07-27,159.5379638671875,160.45907592773438,-0.0027636152761397748
553,2022-07-28,160.45907592773438,160.7538299560547,0.005773623018742402
554,2022-07-29,160.7538299560547,160.19195556640625,0.0018369420776986889
555,2022-08-01,160.19195556640625,159.28004455566406,-0.00349524729707551
556,2022-08-02,159.28004455566406,160.81829833984375,-0.005692614260921269
557,2022-08-03,160.81829833984375,158.23915100097656,0.009657542402570662
558,2022-08-04,158.23915100097656,157.6128387451172,-0.01603764848585132
559,2022-08-05,157.6128387451172,156.7745819091797,-0.003958010719202543
560,2022-08-08,156.7745819091797,156.75619506835938,-0.005318455289629598
561,2022-08-09,156.75619506835938,157.20750427246094,-0.00011728202745875382
562,2022-08-10,157.20750427246094,153.95596313476562,0.0028790517906149837
563,2022-08-11,153.95596313476562,152.26109313964844,-0.020683116577310257
564,2022-08-12,152.26109313964844,152.98876953125,-0.011008797324943975
565,2022-08-15,152.98876953125,154.35205078125,0.004779135474445528
566,2022-08-16,154.35205078125,154.3612518310547,0.008910989049568885
567,2022-08-17,154.3612518310547,153.61517333984375,5.961080373162453e-05
568,2022-08-18,153.61517333984375,155.95480346679688,-0.004833327550540334
569,2022-08-19,155.95480346679688,155.40768432617188,0.015230462434704606
570,2022-08-22,155.40768432617188,154.05381774902344,-0.0035081903760757482
571,2022-08-23,154.05381774902344,153.54379272460938,-0.008711709353489416
572,2022-08-24,153.54379272460938,154.9811248779297,-0.003310693833274314
573,2022-08-25,154.9811248779297,152.3290252685547,0.009361056724046524
574,2022-08-26,152.3290252685547,151.15135192871094,-0.017112403923148167
575,2022-08-29,151.15135192871094,150.62278747558594,-0.00773111583801922
576,2022-08-30,150.62278747558594,149.6120147705078,-0.0034969217700037136
577,2022-08-31,149.6120147705078,153.3212432861328,-0.006710622755152218
578,2022-09-01,153.3212432861328,150.91024780273438,0.02479231712315788
579,2022-09-02,150.91024780273438,151.3182830810547,-0.01572512348402344
580,2022-09-06,151.3182830810547,152.14358520507812,0.00270382750185183
581,2022-09-07,152.14358520507812,153.36761474609375,0.005454080678283679
582,2022-09-08,153.36761474609375,153.66436767578125,0.008045226089326896
583,2022-09-09,153.66436767578125,153.5994415283203,0.0019349125966312553
584,2022-09-12,153.5994415283203,149.60275268554688,-0.00042251921146696514
585,2022-09-13,149.60275268554688,152.69068908691406,-0.026020204259899815
586,2022-09-14,152.69068908691406,153.08016967773438,0.020640906306435225
587,2022-09-15,153.08016967773438,155.41697692871094,0.0025507815384775423
588,2022-09-16,155.41697692871094,154.19293212890625,0.015265251246428857
589,2022-09-19,154.19293212890625,152.9781494140625,-0.007875875750473216
590,2022-09-20,152.9781494140625,151.41098022460938,-0.007878329428408493
591,2022-09-21,151.41098022460938,154.1001739501953,-0.010244398925308595
592,2022-09-22,154.1001739501953,154.6009521484375,0.017760889742584496
593,2022-09-23,154.6009521484375,153.6550750732422,0.0032496926213985144
594,2022-09-26,153.6550750732422,152.9503173828125,-0.006118184021836726
595,2022-09-27,152.9503173828125,154.26712036132812,-0.0045866216270028515
596,2022-09-28,154.26712036132812,152.57012939453125,0.008609351069340132
597,2022-09-29,152.57012939453125,151.48516845703125,-0.01100034124460314
598,2022-09-30,151.48516845703125,151.3367919921875,-0.007111227746909754
599,2022-10-03,151.3367919921875,153.58090209960938,-0.000979478495188979
600,2022-10-04,153.58090209960938,153.10797119140625,0.014828582513746635
601,2022-10-05,153.10797119140625,150.14059448242188,-0.003079360140080367
602,2022-10-06,150.14059448242188,148.55487060546875,-0.019380941997296453
603,2022-10-07,148.55487060546875,148.74961853027344,-0.010561593168187278
604,2022-10-10,148.74961853027344,150.90098571777344,0.001310949442525411
605,2022-10-11,150.90098571777344,150.86387634277344,0.014463009779498437
606,2022-10-12,150.86387634277344,153.14505004882812,-0.0002459187050600775
607,2022-10-13,153.14505004882812,152.50523376464844,0.015120741700098472
608,2022-10-14,152.50523376464844,154.4803924560547,-0.004177845016706039
609,2022-10-17,154.4803924560547,153.94253540039062,0.012951415781929043
610,2022-10-18,153.94253540039062,152.71849060058594,-0.003481717304783971
611,2022-10-19,152.71849060058594,153.10797119140625,-0.007951309861313205
612,2022-10-20,153.10797119140625,156.4462890625,0.00255031718352261
613,2022-10-21,156.4462890625,158.55126953125,0.021803684322355688
614,2022-10-24,158.55126953125,158.30091857910156,0.013454972191184744
615,2022-10-25,158.30091857910156,159.69186401367188,-0.0015789905239396163
616,2022-10-26,159.69186401367188,159.78457641601562,0.00878671739276915
617,2022-10-27,159.78457641601562,162.1584930419922,0.0005805706065014071
618,2022-10-28,162.1584930419922,161.32391357421875,0.014856982314712441
619,2022-10-31,161.32391357421875,160.50787353515625,-0.005146689834847673
620,2022-11-01,160.50787353515625,158.04124450683594,-0.005058394759851148
621,2022-11-02,158.04124450683594,158.3101806640625,-0.01536765128085782
622,2022-11-03,158.3101806640625,159.01490783691406,0.0017016833679446286
623,2022-11-04,159.01490783691406,160.4058837890625,0.004451559400004745
624,2022-11-07,160.4058837890625,161.20338439941406,0.008747456267276688
625,2022-11-08,161.20338439941406,159.91439819335938,0.004971766568115932
626,2022-11-09,159.91439819335938,161.78756713867188,-0.007996024468450158
627,2022-11-10,161.78756713867188,156.94703674316406,0.011713572801915983
628,2022-11-11,156.94703674316406,159.4136962890625,-0.02991905052480881
629,2022-11-14,159.4136962890625,159.85877990722656,0.015716509193703265
630,2022-11-15,159.85877990722656,160.8509979248047,0.002792003626570505
631,2022-11-16,160.8509979248047,162.14923095703125,0.0062068409264348645
632,2022-11-17,162.14923095703125,163.39181518554688,0.008071028771816868
633,2022-11-18,163.39181518554688,164.2318115234375,0.007663213825817694
634,2022-11-21,164.2318115234375,165.0250701904297,0.005140993977799546
635,2022-11-22,165.0250701904297,165.20237731933594,0.004830115795678047
636,2022-11-23,165.20237731933594,165.4170684814453,0.0010744254112520224
637,2022-11-25,165.4170684814453,165.50108337402344,0.0012995646042937015
638,2022-11-28,165.50108337402344,164.3437957763672,0.00050789736119361
639,2022-11-29,164.3437957763672,166.12637329101562,-0.006992628531867884
640,2022-11-30,166.12637329101562,166.81700134277344,0.010846637113542723
641,2022-12-01,166.81700134277344,166.94769287109375,0.004157245102485829
642,2022-12-02,166.94769287109375,166.85433959960938,0.0007834424984762833
643,2022-12-05,166.85433959960938,164.35311889648438,-0.0005591767689563376
644,2022-12-06,164.35311889648438,165.35174560546875,-0.014990444414733406
645,2022-12-07,165.35174560546875,165.37973022460938,0.0060761044006309994
646,2022-12-08,165.37973022460938,164.0171356201172,0.0001692429616522162
647,2022-12-09,164.0171356201172,165.97702026367188,-0.008239187490761912
648,2022-12-12,165.97702026367188,167.25567626953125,0.011949267594173918
649,2022-12-13,167.25567626953125,167.7689666748047,0.0077038134786857615
650,2022-12-14,167.7689666748047,165.650390625,0.0030688967736214323
651,2022-12-15,165.650390625,163.95179748535156,-0.01262793764422021
652,2022-12-16,163.95179748535156,163.77447509765625,-0.010254084721681767
653,2022-12-19,163.77447509765625,163.95179748535156,-0.0010815519586551137
654,2022-12-20,163.95179748535156,165.8277130126953,0.0010827229798147098
655,2022-12-21,165.8277130126953,165.2210693359375,0.01144187228268323
656,2022-12-22,165.2210693359375,165.64105224609375,-0.003658276808722327
657,2022-12-23,165.64105224609375,165.59439086914062,0.002541945236429255
658,2022-12-27,165.59439086914062,164.8757781982422,-0.00028170176608033337
659,2022-12-28,164.8757781982422,165.7156982421875,-0.004339595484646019
660,2022-12-29,165.7156982421875,164.86642456054688,0.005094259770136889
661,2022-12-30,164.86642456054688,166.30369567871094,-0.005124883705341143
662,2023-01-03,166.30369567871094,168.1143035888672,0.008717791521197338
663,2023-01-04,168.1143035888672,166.8730010986328,0.010887358231979727
664,2023-01-05,166.8730010986328,168.22630310058594,-0.007383681600763969
665,2023-01-06,168.22630310058594,163.86781311035156,0.008109772060449938
666,2023-01-09,163.86781311035156,163.47579956054688,-0.02590849296395903
667,2023-01-10,163.47579956054688,163.21449279785156,-0.002392254722656806
668,2023-01-11,163.21449279785156,162.39320373535156,-0.0015984430930924276
669,2023-01-12,162.39320373535156,161.86122131347656,-0.005031961613342739
670,2023-01-13,161.86122131347656,160.8625946044922,-0.003275890921777491
671,2023-01-17,160.8625946044922,158.43600463867188,-0.006169647682630175
672,2023-01-18,158.43600463867188,158.2213592529297,-0.015084861535315186
673,2023-01-19,158.2213592529297,157.48406982421875,-0.0013547765625099295
674,2023-01-20,157.48406982421875,157.082763671875,-0.004659860288093731
675,2023-01-23,157.082763671875,157.082763671875,-0.0025482333088779896
676,2023-01-24,157.082763671875,158.20269775390625,0.0
677,2023-01-25,158.20269775390625,157.62405395507812,0.007129579693228694
678,2023-01-26,157.62405395507812,157.00808715820312,-0.00365761018644728
679,2023-01-27,157.00808715820312,151.19366455078125,-0.003907822324190069
680,2023-01-30,151.19366455078125,152.51895141601562,-0.03703263132913148
681,2023-01-31,152.51895141601562,153.91885375976562,0.008765492053995683
682,2023-02-01,153.91885375976562,154.4975128173828,0.009178546867474768
683,2023-02-02,154.4975128173828,153.6295623779297,0.003759507321438038
684,2023-02-03,153.6295623779297,152.46295166015625,-0.005617892635456534
685,2023-02-06,152.46295166015625,152.50025939941406,-0.007593660358828358
686,2023-02-07,152.50025939941406,152.69627380371094,0.00024470036065538103
687,2023-02-08,152.69627380371094,150.63368225097656,0.0012853381697108812
688,2023-02-09,150.63368225097656,151.33364868164062,-0.013507805405820195
689,2023-02-10,151.33364868164062,151.89364624023438,0.0046468121883778135
690,2023-02-13,151.89364624023438,151.2310028076172,0.00370041668506782
691,2023-02-14,151.2310028076172,148.73910522460938,-0.004362548724185289
692,2023-02-15,148.73910522460938,147.6844940185547,-0.016477425506314924
693,2023-02-16,147.6844940185547,150.76771545410156,-0.007090342546179351
694,2023-02-17,150.76771545410156,148.52108764648438,0.020877082973649985
695,2023-02-21,148.52108764648438,148.31427001953125,-0.014901252571550283
696,2023-02-22,148.31427001953125,148.26727294921875,-0.0013925135496273278
697,2023-02-23,148.26727294921875,146.61288452148438,-0.0003168749056062792
698,2023-02-24,146.61288452148438,146.2932586669922,-0.011158149703751508
699,2023-02-27,146.2932586669922,144.06546020507812,-0.002180066612394782
700,2023-02-28,144.06546020507812,143.41685485839844,-0.015228305680066945
701,2023-03-01,143.41685485839844,143.3040313720703,-0.004502157184354871
702,2023-03-02,143.3040313720703,144.7798614501953,-0.0007866821960328396
703,2023-03-03,144.7798614501953,146.22744750976562,0.010298594282342366
704,2023-03-06,146.22744750976562,144.8456573486328,0.00999853187501687
705,2023-03-07,144.8456573486328,143.783447265625,-0.009449595029281554
706,2023-03-08,143.783447265625,142.16665649414062,-0.007333392677773887
707,2023-03-09,142.16665649414062,142.5144500732422,-0.011244623788282948
708,2023-03-10,142.5144500732422,143.87745666503906,0.0024463793949878188
709,2023-03-13,143.87745666503906,144.6858367919922,0.009563988711996485
710,2023-03-14,144.6858367919922,145.09005737304688,0.005618532226595585
711,2023-03-15,145.09005737304688,144.7892608642578,0.002793781271319684
712,2023-03-16,144.7892608642578,143.2382354736328,-0.002073171065165913
713,2023-03-17,143.2382354736328,144.65765380859375,-0.010712295797124849
714,2023-03-20,144.65765380859375,144.65765380859375,0.009909493301613725
715,2023-03-21,144.65765380859375,141.988037109375,0.0
716,2023-03-22,141.988037109375,142.06324768066406,-0.018454721398641682
717,2023-03-23,142.06324768066406,143.49205017089844,0.000529696535146229
718,2023-03-24,143.49205017089844,144.10305786132812,0.01005750969065633
719,2023-03-27,144.10305786132812,142.7118682861328,0.00425812921135349
720,2023-03-28,142.7118682861328,144.11245727539062,-0.009654129453200544
721,2023-03-29,144.11245727539062,144.22525024414062,0.009814103102130822
722,2023-03-30,144.22525024414062,145.70106506347656,0.0007826732739311115
723,2023-03-31,145.70106506347656,147.4400634765625,0.010232707635020377
724,2023-04-03,147.4400634765625,148.981689453125,0.011935385731932202
725,2023-04-04,148.981689453125,155.67453002929688,0.010455950304223638
726,2023-04-05,155.67453002929688,155.24212646484375,0.04492391380940597
727,2023-04-06,155.24212646484375,154.46192932128906,-0.002777612782076444
728,2023-04-10,154.46192932128906,154.41493225097656,-0.00502567931347786
729,2023-04-11,154.41493225097656,154.08592224121094,-0.00030426313149789497
730,2023-04-12,154.08592224121094,156.14454650878906,-0.002130687783684526
731,2023-04-13,156.14454650878906,155.89073181152344,0.013360235884206872
732,2023-04-14,155.89073181152344,155.73094177246094,-0.001625511123767187
733,2023-04-17,155.73094177246094,151.35049438476562,-0.0010250130793900691
734,2023-04-18,151.35049438476562,152.77932739257812,-0.02812830474046446
735,2023-04-19,152.77932739257812,153.76632690429688,0.009440557255003812
736,2023-04-20,153.76632690429688,152.92971801757812,0.006460294914000908
737,2023-04-21,152.92971801757812,153.8603057861328,-0.005440780849499283
738,2023-04-24,153.8603057861328,155.2703094482422,0.006085068230150759
739,2023-04-25,155.2703094482422,152.86390686035156,0.009164180812621714
740,2023-04-26,152.86390686035156,153.2211151123047,-0.015498150267374666
741,2023-04-27,153.2211151123047,153.87913513183594,0.002336773011299753
742,2023-04-28,153.87913513183594,153.78514099121094,0.00429457793104393
743,2023-05-01,153.78514099121094,155.1293487548828,-0.0006108309651238208
744,2023-05-02,155.1293487548828,153.0989227294922,0.008740816928136663
745,2023-05-03,153.0989227294922,152.4033203125,-0.013088600201621836
746,2023-05-04,152.4033203125,152.9202880859375,-0.00454348341967914
747,2023-05-05,152.9202880859375,152.572509765625,0.003392103087895171
748,2023-05-08,152.572509765625,151.3881072998047,-0.002274245782986295
749,2023-05-09,151.3881072998047,151.95208740234375,-0.007762882498555834
750,2023-05-10,151.95208740234375,151.33172607421875,0.0037253923878060036
751,2023-05-11,151.33172607421875,151.13430786132812,-0.004082611425286875
752,2023-05-12,151.13430786132812,149.97808837890625,-0.0013045394909049213
753,2023-05-15,149.97808837890625,149.78067016601562,-0.00765027807903651
754,2023-05-16,149.78067016601562,149.45169067382812,-0.0013163137030515193
755,2023-05-17,149.45169067382812,148.97227478027344,-0.0021964082002228213
756,2023-05-18,148.97227478027344,149.37648010253906,-0.0032078318511697956
757,2023-05-19,149.37648010253906,148.5714569091797,0.002713292274430401
758,2023-05-22,148.5714569091797,148.51461791992188,-0.005389223208411176
759,2023-05-23,148.51461791992188,148.37257385253906,-0.0003825700470350135
760,2023-05-24,148.37257385253906,146.2415771484375,-0.0009564315578646232
761,2023-05-25,146.2415771484375,146.1847686767578,-0.014362470426774854
762,2023-05-26,146.1847686767578,146.2036895751953,-0.0003884563664273699
763,2023-05-30,146.2036895751953,146.85720825195312,0.00012943139431542683
764,2023-05-31,146.85720825195312,146.3647003173828,0.004469919183685889
765,2023-06-01,146.3647003173828,148.66616821289062,-0.003353651757599496
766,2023-06-02,148.66616821289062,149.9447479248047,0.015724200510896624
767,2023-06-05,149.9447479248047,149.81214904785156,0.008600340799011619
768,2023-06-06,149.81214904785156,150.13417053222656,-0.0008843182491434787
769,2023-06-07,150.13417053222656,151.7821044921875,0.00214950180223461
770,2023-06-08,151.7821044921875,151.5453643798828,0.010976408329423037
771,2023-06-09,151.5453643798828,151.44114685058594,-0.001559736657340105
772,2023-06-12,151.44114685058594,152.2367401123047,-0.0006876985628911925
773,2023-06-13,152.2367401123047,153.0133514404297,0.005253481489437606
774,2023-06-14,153.0133514404297,155.06854248046875,0.005101339713081687
775,2023-06-15,155.06854248046875,155.54208374023438,0.01343144909050098
776,2023-06-16,155.54208374023438,155.4473876953125,0.0030537545023050505
777,2023-06-20,155.4473876953125,155.2106475830078,-0.0006088130147466897
778,2023-06-21,155.2106475830078,156.85855102539062,-0.0015229597345740586
779,2023-06-22,156.85855102539062,156.72596740722656,0.010617206152055303
780,2023-06-23,156.72596740722656,154.9738311767578,-0.0008452431652425929
781,2023-06-26,154.9738311767578,154.6518096923828,-0.01117961662291811
782,2023-06-27,154.6518096923828,154.3393096923828,-0.002077908779371307
783,2023-06-28,154.3393096923828,155.41897583007812,-0.002020668239328005
784,2023-06-29,155.41897583007812,156.7638702392578,0.006995406030046558
785,2023-06-30,156.7638702392578,154.70863342285156,0.008653347520769072
786,2023-07-03,154.70863342285156,154.1972198486328,-0.01311039854572027
787,2023-07-05,154.1972198486328,153.0512237548828,-0.0033056563354221247
788,2023-07-06,153.0512237548828,150.82553100585938,-0.007432015278063808
789,2023-07-07,150.82553100585938,151.07177734375,-0.014542142783438128
790,2023-07-10,151.07177734375,150.2383575439453,0.0016326568602040847
791,2023-07-11,150.2383575439453,149.71742248535156,-0.00551671407100951
792,2023-07-12,149.71742248535156,150.40882873535156,-0.00346739053268319
793,2023-07-13,150.40882873535156,151.4127655029297,0.00461807476058862
794,2023-07-14,151.4127655029297,150.65509033203125,0.006674719669179652
795,2023-07-17,150.65509033203125,150.64561462402344,-0.005004037594728228
796,2023-07-18,150.64561462402344,150.342529296875,-6.289669991854652e-05
797,2023-07-19,150.342529296875,159.4725799560547,-0.002011909393478617
798,2023-07-20,159.4725799560547,161.1868133544922,0.06072832951447138
799,2023-07-21,161.1868133544922,162.02975463867188,0.010749392772788191
800,2023-07-24,162.02975463867188,163.27044677734375,0.005229592090302271
801,2023-07-25,163.27044677734375,163.58297729492188,0.0076571870483828075
802,2023-07-26,163.58297729492188,164.5016632080078,0.0019141891490279672
803,2023-07-27,164.5016632080078,165.24986267089844,0.005616023918122215
804,2023-07-28,165.24986267089844,158.6675262451172,0.0045482790161492925
805,2023-07-31,158.6675262451172,159.95559692382812,-0.039832628719881136
806,2023-08-01,159.95559692382812,160.921630859375,0.00811804853326481
807,2023-08-02,160.921630859375,161.61302185058594,0.006039388143491475
808,2023-08-03,161.61302185058594,160.09765625,0.004296445341242627
809,2023-08-04,160.09765625,163.94287109375,-0.00937650681383162
810,2023-08-07,163.94287109375,164.01861572265625,0.024017933390264812
811,2023-08-08,164.01861572265625,163.91445922851562,0.0004620184360619728
812,2023-08-09,163.91445922851562,163.06207275390625,-0.0006350284916241122
813,2023-08-10,163.06207275390625,164.6531982421875,-0.00520019087163659
814,2023-08-11,164.6531982421875,164.264892578125,0.009757790155670243
815,2023-08-14,164.264892578125,163.79132080078125,-0.0023583244553279092
816,2023-08-15,163.79132080078125,163.27044677734375,-0.002882976209408361
817,2023-08-16,163.27044677734375,164.8047332763672,-0.0031801075960004033
818,2023-08-17,164.8047332763672,163.36514282226562,0.009397208921194222
819,2023-08-18,163.36514282226562,158.4970703125,-0.00873512808450383
820,2023-08-21,158.4970703125,157.23741149902344,-0.029798722210048756
821,2023-08-22,157.23741149902344,155.8262176513672,-0.00794752111816932
822,2023-08-23,155.8262176513672,156.35659790039062,-0.008974924187587607
823,2023-08-24,156.35659790039062,158.59844970703125,0.0034036650379980493
824,2023-08-25,158.59844970703125,156.72865295410156,0.014338069750461369
825,2023-08-28,156.72865295410156,156.74771118164062,-0.011789502081411496
826,2023-08-29,156.74771118164062,156.1944122314453,0.0001216001489188212
827,2023-08-30,156.1944122314453,154.23876953125,-0.003529869406221464
828,2023-08-31,154.23876953125,153.093994140625,-0.012520567619906164
829,2023-09-01,153.093994140625,153.2847900390625,-0.007422098828356205
830,2023-09-05,153.2847900390625,150.73768615722656,0.0012462663836587673
831,2023-09-06,150.73768615722656,152.66470336914062,-0.01661680771580043
832,2023-09-07,152.66470336914062,153.1703338623047,0.012783911316670338
833,2023-09-08,153.1703338623047,155.1736602783203,0.0033120327227273982
834,2023-09-11,155.1736602783203,156.0513458251953,0.013079075859536493
835,2023-09-12,156.0513458251953,156.44247436523438,0.005656150311211139
836,2023-09-13,156.44247436523438,156.20396423339844,0.002506409271709753
837,2023-09-14,156.20396423339844,154.0193634033203,-0.001524586802936323
838,2023-09-15,154.0193634033203,154.99240112304688,-0.01398556586447397
839,2023-09-18,154.99240112304688,154.73483276367188,0.0063176323952107705
840,2023-09-19,154.73483276367188,155.4121856689453,-0.0016618128212009253
841,2023-09-20,155.4121856689453,154.21971130371094,0.004377507592669527
842,2023-09-21,154.21971130371094,153.1130828857422,-0.007672978538340258
843,2023-09-22,153.1130828857422,152.88412475585938,-0.007175661325091065
844,2023-09-25,152.88412475585938,151.70120239257812,-0.0014953531440136114
845,2023-09-26,151.70120239257812,149.8791046142578,-0.0077373786530828825
846,2023-09-27,149.8791046142578,149.65969848632812,-0.012011096481654882
847,2023-09-28,149.65969848632812,148.58168029785156,-0.0014638873677179642
848,2023-09-29,148.58168029785156,148.0093231201172,-0.007203129495647387
849,2023-10-02,148.0093231201172,148.1905517578125,-0.003852138275640793
850,2023-10-03,148.1905517578125,148.36228942871094,0.0012244406897816695
851,2023-10-04,148.36228942871094,149.90774536132812,0.0011588975738419105
852,2023-10-05,149.90774536132812,150.3847198486328,0.010416770586165525
853,2023-10-06,150.3847198486328,151.24327087402344,0.0031817868126493565
854,2023-10-09,151.24327087402344,151.07156372070312,0.0057090309856930865
855,2023-10-10,151.07156372070312,148.99191284179688,-0.0011353044160445913
856,2023-10-11,148.99191284179688,149.13499450683594,-0.013765998230818921
857,2023-10-12,149.13499450683594,149.63108825683594,0.0009603317543214196
858,2023-10-13,149.63108825683594,150.27976989746094,0.0033264744578593852
859,2023-10-16,150.27976989746094,148.90603637695312,0.004335206327655383
860,2023-10-17,148.90603637695312,145.70069885253906,-0.009141173968027383
861,2023-10-18,145.70069885253906,145.3095703125,-0.0215259072258146
862,2023-10-19,145.3095703125,145.95826721191406,-0.0026844657789522053
863,2023-10-20,145.95826721191406,144.42236328125,0.004464240710498224
864,2023-10-23,144.42236328125,144.2697296142578,-0.010522897811839016
865,2023-10-24,144.2697296142578,144.59408569335938,-0.0010568561788103503
866,2023-10-25,144.59408569335938,142.14236450195312,0.002248261502733939
867,2023-10-26,142.14236450195312,138.89886474609375,-0.016955888476694825
868,2023-10-27,138.89886474609375,140.26303100585938,-0.022818670332551028
869,2023-10-30,140.26303100585938,141.51272583007812,0.009821291644530827
870,2023-10-31,141.51272583007812,141.84661865234375,0.008909652210257413
871,2023-11-01,141.84661865234375,143.32530212402344,0.002359454390459259
872,2023-11-02,143.32530212402344,144.37464904785156,0.010424523938098451
873,2023-11-03,144.37464904785156,144.71810913085938,0.00732143528237672
874,2023-11-06,144.71810913085938,143.9549102783203,0.002378950080730524
875,2023-11-07,143.9549102783203,143.4302520751953,-0.005273692816487485
876,2023-11-08,143.4302520751953,140.63507080078125,-0.0036446009525527012
877,2023-11-09,140.63507080078125,140.472900390625,-0.019488087303567214
878,2023-11-10,140.472900390625,140.83543395996094,-0.0011531292246865776
879,2023-11-13,140.83543395996094,140.86404418945312,0.002580807887697878
880,2023-11-14,140.86404418945312,141.95155334472656,0.00020314652845332404
881,2023-11-15,141.95155334472656,143.19175720214844,0.0077202749752860456
882,2023-11-16,143.19175720214844,142.89599609375,0.008736810751271307
883,2023-11-17,142.89599609375,144.15573120117188,-0.002065489761263972
884,2023-11-20,144.15573120117188,145.31927490234375,0.008815748109523014
885,2023-11-21,145.31927490234375,145.0308074951172,0.008071435602849064
886,2023-11-22,145.0308074951172,146.6463165283203,-0.0019850595003341187
887,2023-11-24,146.6463165283203,145.47314453125,0.011139074939353844
888,2023-11-27,145.47314453125,145.8096923828125,-0.008000009988957002
889,2023-11-28,145.8096923828125,146.2712860107422,0.002313470659116801
890,2023-11-29,146.2712860107422,148.723388671875,0.0031657266426281527
891,2023-11-30,148.723388671875,152.3006134033203,0.0167640739888808
892,2023-12-01,152.3006134033203,152.7814178466797,0.02405287267450351
893,2023-12-04,152.7814178466797,152.46409606933594,0.00315694357767371
894,2023-12-05,152.46409606933594,150.608154296875,-0.0020769657842957256
895,2023-12-06,150.608154296875,149.4349822998047,-0.012172975935376362
896,2023-12-07,149.4349822998047,148.49261474609375,-0.007789564931243942
897,2023-12-08,148.49261474609375,149.1080322265625,-0.006306204472392607
898,2023-12-11,149.1080322265625,149.11766052246094,0.004144431570021423
899,2023-12-12,149.11766052246094,149.81002807617188,6.457261728054497e-05
900,2023-12-13,149.81002807617188,150.84857177734375,0.004643095601722269
901,2023-12-14,150.84857177734375,149.2042236328125,0.006932404422511862
902,2023-12-15,149.2042236328125,149.4734649658203,-0.010900654379136898
903,2023-12-18,149.4734649658203,150.45431518554688,0.0018045154919368311
904,2023-12-19,150.45431518554688,147.38674926757812,0.006562035742938344
905,2023-12-20,147.38674926757812,148.896484375,-0.02038868685278783
906,2023-12-21,148.896484375,149.49267578125,0.010243357119444907
907,2023-12-22,149.49267578125,150.14657592773438,0.004004066373712867
908,2023-12-26,150.14657592773438,150.34854125976562,0.004374128318107129
909,2023-12-27,150.34854125976562,150.5697021484375,0.0013451211310238076
910,2023-12-28,150.5697021484375,150.72357177734375,0.0014709879245835555
911,2023-12-29,150.72357177734375,153.82957458496094,0.0010219162733984266
912,2024-01-02,153.82957458496094,154.7911834716797,0.02060727974391119
913,2024-01-03,154.7911834716797,154.46421813964844,0.0062511314180853095
914,2024-01-04,154.46421813964844,154.94505310058594,-0.0021122994520619276
915,2024-01-05,154.94505310058594,155.32969665527344,0.0031129213401563938
916,2024-01-08,155.32969665527344,155.4258575439453,0.002482451339945735
917,2024-01-09,155.4258575439453,155.65663146972656,0.0006190760089186398
918,2024-01-10,155.65663146972656,154.9642791748047,0.001484784638978054
919,2024-01-11,154.9642791748047,156.15667724609375,-0.004447946023144689
920,2024-01-12,156.15667724609375,154.3584442138672,0.007694664071221213
921,2024-01-16,154.3584442138672,154.2718963623047,-0.011515569259921254
922,2024-01-17,154.2718963623047,155.02198791503906,-0.0005606939873181727
923,2024-01-18,155.02198791503906,155.4739227294922,0.004862139964707524
924,2024-01-19,155.4739227294922,156.2335968017578,0.0029152949238453463
925,2024-01-22,156.2335968017578,153.67572021484375,0.004886183219210194
926,2024-01-23,153.67572021484375,152.85833740234375,-0.01637212891001738
927,2024-01-24,152.85833740234375,153.43528747558594,-0.005318880636168588
928,2024-01-25,153.43528747558594,153.3776092529297,0.0037744102352990083
929,2024-01-26,153.3776092529297,153.2429962158203,-0.00037591237064960037
930,2024-01-29,153.2429962158203,152.67564392089844,-0.0008776576826633464
931,2024-01-30,152.67564392089844,152.8006591796875,-0.003702304894396935
932,2024-01-31,152.8006591796875,152.28135681152344,0.000818829091389528
933,2024-02-01,152.28135681152344,150.59852600097656,-0.0033985610464768445
934,2024-02-02,150.59852600097656,149.81964111328125,-0.011050799952023627
935,2024-02-05,149.81964111328125,151.99288940429688,-0.005171929024659017
936,2024-02-06,151.99288940429688,151.9159698486328,0.014505763562551843
937,2024-02-07,151.9159698486328,150.3966064453125,-0.0005060733825479335
938,2024-02-08,150.3966064453125,150.7427978515625,-0.01000134090467375
939,2024-02-09,150.7427978515625,151.79095458984375,0.0023018565008372516
940,2024-02-12,151.79095458984375,150.46392822265625,0.0069532790502759845
941,2024-02-13,150.46392822265625,149.76193237304688,-0.008742460120718443
942,2024-02-14,149.76193237304688,151.85826110839844,-0.004665542485176699
943,2024-02-15,151.85826110839844,151.68385314941406,0.013997740962167438
944,2024-02-16,151.68385314941406,152.95314025878906,-0.0011484917429673835
945,2024-02-20,152.95314025878906,153.74761962890625,0.008367977757821832
946,2024-02-21,153.74761962890625,155.462646484375,0.005194266484316534
947,2024-02-22,155.462646484375,156.80941772460938,0.011154818914323572
948,2024-02-23,156.80941772460938,155.7920684814453,0.008662989281928546
949,2024-02-26,155.7920684814453,155.9761505126953,-0.006487807033061954
950,2024-02-27,155.9761505126953,156.52842712402344,0.0011815879527392603
951,2024-02-28,156.52842712402344,156.3637237548828,0.0035407760065420124
952,2024-02-29,156.3637237548828,157.08071899414062,-0.0010522265646362161
953,2024-03-01,157.08071899414062,154.87158203125,0.004585432106885445
954,2024-03-04,154.87158203125,154.99755859375,-0.014063705444161023
955,2024-03-05,154.99755859375,154.3871307373047,0.0008134259419818601
956,2024-03-06,154.3871307373047,153.93173217773438,-0.0039383062674248626
957,2024-03-07,153.93173217773438,154.56153869628906,-0.002949718395539036
958,2024-03-08,154.56153869628906,156.2183837890625,0.004091466454931414
959,2024-03-11,156.2183837890625,157.68145751953125,0.010719646729378862
960,2024-03-12,157.68145751953125,156.09242248535156,0.0093655669389352
961,2024-03-13,156.09242248535156,154.2611846923828,-0.01007750092608617
962,2024-03-14,154.2611846923828,153.26316833496094,-0.0117317533023783
963,2024-03-15,153.26316833496094,151.8873291015625,-0.006469653136737197
964,2024-03-18,151.8873291015625,151.35443115234375,-0.008976972408605732
965,2024-03-19,151.35443115234375,150.9184112548828,-0.003508508263137755
966,2024-03-20,150.9184112548828,150.90872192382812,-0.002880787130850937
967,2024-03-21,150.90872192382812,150.40487670898438,-6.420244537508335e-05
968,2024-03-22,150.40487670898438,150.39520263671875,-0.003338741514874566
969,2024-03-25,150.39520263671875,150.9281005859375,-6.432020342228562e-05
970,2024-03-26,150.9281005859375,153.05003356933594,0.0035433174720735927
971,2024-03-27,153.05003356933594,153.2728729248047,0.014059230687728741
972,2024-03-28,153.2728729248047,152.87562561035156,0.0014559902423529891
973,2024-04-01,152.87562561035156,152.82717895507812,-0.0025917653063631807
974,2024-04-02,152.82717895507812,149.46502685546875,-0.0003169024171120194
975,2024-04-03,149.46502685546875,147.75973510742188,-0.02199970007034968
976,2024-04-04,147.75973510742188,147.65316772460938,-0.011409302790918896
977,2024-04-05,147.65316772460938,146.87803649902344,-0.0007212207218362243
978,2024-04-08,146.87803649902344,147.5562744140625,-0.0052496755574634735
979,2024-04-09,147.5562744140625,145.53125,0.004617694593456623
980,2024-04-10,145.53125,144.16505432128906,-0.013723743175976466
981,2024-04-11,144.16505432128906,142.93453979492188,-0.009387644775338155
982,2024-04-12,142.93453979492188,143.0023651123047,-0.008535456336213332
983,2024-04-15,143.0023651123047,139.95997619628906,0.00047452013684123884
984,2024-04-16,139.95997619628906,140.27003479003906,-0.021275095091094043
985,2024-04-17,140.27003479003906,141.20986938476562,0.002215337571329412
986,2024-04-18,141.20986938476562,143.31243896484375,0.00670018080578183
987,2024-04-19,143.31243896484375,144.4847869873047,0.014889678669336437
988,2024-04-22,144.4847869873047,144.9111328125,0.008180364739647894
989,2024-04-23,144.9111328125,143.9131317138672,0.0029508008011442932
990,2024-04-24,143.9131317138672,142.25631713867188,-0.006886987074513629
991,2024-04-25,142.25631713867188,141.59744262695312,-0.011512601772084574
992,2024-04-26,141.59744262695312,142.25631713867188,-0.004631601077346059
993,2024-04-29,142.25631713867188,140.09561157226562,0.004653152624052748
994,2024-04-30,140.09561157226562,146.48077392578125,-0.015188819799826447
995,2024-05-01,146.48077392578125,145.25994873046875,0.04557717605752387
996,2024-05-02,145.25994873046875,144.63014221191406,-0.008334371553300635
997,2024-05-03,144.63014221191406,143.9615936279297,-0.004335720369303631
998,2024-05-06,143.9615936279297,144.0972442626953,-0.004622470625831321
999,2024-05-07,144.0972442626953,144.32009887695312,0.0009422696105756412
1000,2024-05-08,144.32009887695312,145.19212341308594,0.0015465570864876543
1001,2024-05-09,145.19212341308594,145.25025939941406,0.0060422944753959484
1002,2024-05-10,145.25025939941406,146.51953125,0.0004004073014534093
1003,2024-05-13,146.51953125,146.674560546875,0.008738516928191054
1004,2024-05-14,146.674560546875,147.92446899414062,0.0010580793942787103
1005,2024-05-15,147.92446899414062,149.4844207763672,0.008521644398356232
1006,2024-05-16,149.4844207763672,149.83323669433594,0.010545596633430243
1007,2024-05-17,149.83323669433594,147.7527618408203,0.0023334600097932867
1008,2024-05-20,147.7527618408203,147.7234649658203,-0.013885269379582676
1009,2024-05-21,147.7234649658203,149.930908203125,-0.000198283095591556
1010,2024-05-22,149.930908203125,146.21925354003906,0.014943077850329667
1011,2024-05-23,146.21925354003906,143.55271911621094,-0.024755767223509473
1012,2024-05-24,143.55271911621094,141.02296447753906,-0.01823654791875917
1013,2024-05-28,141.02296447753906,141.08157348632812,-0.01762247802930117
1014,2024-05-29,141.08157348632812,141.9020233154297,0.0004155990409520083
1015,2024-05-30,141.9020233154297,143.25970458984375,0.005815428683045409
1016,2024-05-31,143.25970458984375,144.30482482910156,0.009567737250624875
1017,2024-06-03,144.30482482910156,144.36343383789062,0.007295284059464002
1018,2024-06-04,144.36343383789062,142.57598876953125,0.0004061472570890956
1019,2024-06-05,142.57598876953125,143.01551818847656,-0.012381563813219754
1020,2024-06-06,143.01551818847656,143.66018676757812,0.0030827730723705926
1021,2024-06-07,143.66018676757812,143.70901489257812,0.004507682713507766
1022,2024-06-10,143.70901489257812,143.3476104736328,0.00033988626980563375
1023,2024-06-11,143.3476104736328,142.0290069580078,-0.002514834711068503
1024,2024-06-12,142.0290069580078,142.0680694580078,-0.009198643153298658
1025,2024-06-13,142.0680694580078,142.15597534179688,0.0002750318462168
1026,2024-06-14,142.15597534179688,142.5564422607422,0.0006187589098973767
1027,2024-06-17,142.5564422607422,142.263427734375,0.00281709522221929
1028,2024-06-18,142.263427734375,144.34388732910156,-0.00205542816389348
1029,2024-06-20,144.34388732910156,145.2913360595703,0.014623994570207133
1030,2024-06-21,145.2913360595703,145.65272521972656,0.006563829948050159
1031,2024-06-24,145.65272521972656,143.7676239013672,0.002487341433821566
1032,2024-06-25,143.7676239013672,143.40621948242188,-0.012942437675062868
1033,2024-06-26,143.40621948242188,142.40992736816406,-0.0025138095013189643
1034,2024-06-27,142.40992736816406,142.76156616210938,-0.00694734243642714
1035,2024-06-28,142.76156616210938,143.03506469726562,0.002469201413439759
1036,2024-07-01,143.03506469726562,142.63458251953125,0.0019157714678310622
1037,2024-07-02,142.63458251953125,142.302490234375,-0.0027998881154212008
1038,2024-07-03,142.302490234375,143.07412719726562,-0.0023282732650812266
1039,2024-07-05,143.07412719726562,142.0973663330078,0.005422512013807612
1040,2024-07-08,142.0973663330078,143.630859375,-0.006826956651016958
1041,2024-07-09,143.630859375,145.95553588867188,0.010791847038166935
1042,2024-07-10,145.95553588867188,146.21925354003906,0.01618507696596372
1043,2024-07-11,146.21925354003906,146.3950653076172,0.0018068355527696145
1044,2024-07-12,146.3950653076172,145.76995849609375,0.0012023845240736186
1045,2024-07-15,145.76995849609375,147.49879455566406,-0.004269999198469598
1046,2024-07-16,147.49879455566406,152.9392852783203,0.01186002985393353
1047,2024-07-17,152.9392852783203,151.80625915527344,0.036884984308146906
1048,2024-07-18,151.80625915527344,151.09324645996094,-0.0074083393353446825
1049,2024-07-19,151.09324645996094,150.65370178222656,-0.004696859663626984
1050,2024-07-22,150.65370178222656,148.80764770507812,-0.002909095462786615
1051,2024-07-23,148.80764770507812,152.64625549316406,-0.012253625734447327
1052,2024-07-24,152.64625549316406,155.92813110351562,0.02579576955408691
1053,2024-07-25,155.92813110351562,156.90489196777344,0.0214998762973162
1054,2024-07-26,156.90489196777344,154.8732452392578,0.0062641734839326
1055,2024-07-29,154.8732452392578,157.57884216308594,-0.012948268871903035
1056,2024-07-30,157.57884216308594,154.1797637939453,0.01746975030870157
1057,2024-07-31,154.1797637939453,157.0220947265625,-0.02157065201445485
1058,2024-08-01,157.0220947265625,160.32350158691406,0.01843517503643244
1059,2024-08-02,160.32350158691406,157.50070190429688,0.021025110294832228
1060,2024-08-05,157.50070190429688,155.27371215820312,-0.017606898893029133
1061,2024-08-06,155.27371215820312,155.20535278320312,-0.014139554422093581
1062,2024-08-07,155.20535278320312,156.49464416503906,-0.0004402507935815647
1063,2024-08-08,156.49464416503906,156.8853302001953,0.0083070033263406
1064,2024-08-09,156.8853302001953,156.1625518798828,0.0024964818268427003
1065,2024-08-12,156.1625518798828,154.7071990966797,-0.004607048469032704
1066,2024-08-13,154.7071990966797,154.79510498046875,-0.009319473623372598
1067,2024-08-14,154.79510498046875,155.3909149169922,0.0005682081008662188
1068,2024-08-15,155.3909149169922,155.6839599609375,0.003849023110896299
1069,2024-08-16,155.6839599609375,155.9183807373047,0.0018858569955768623
1070,2024-08-19,155.9183807373047,156.43605041503906,0.0015057477753392945
1071,2024-08-20,156.43605041503906,157.676513671875,0.003320132464732062
1072,2024-08-21,157.676513671875,158.57513427734375,0.007929522981083181
1073,2024-08-22,158.57513427734375,160.31373596191406,0.0056991405031872056
1074,2024-08-23,160.31373596191406,160.78257751464844,0.010963898548744355
1075,2024-08-26,160.78257751464844,160.36923217773438,0.0029245251501452962
1076,2024-08-27,160.36923217773438,161.32386779785156,-0.0025708341245891386
1077,2024-08-28,161.32386779785156,161.6289520263672,0.005952735491426386
1078,2024-08-29,161.6289520263672,163.23313903808594,0.001891128899152772
1079,2024-08-30,163.23313903808594,164.51255798339844,0.00992512165430015
1080,2024-09-03,164.51255798339844,164.70938110351562,0.007837985306488493
1081,2024-09-04,164.70938110351562,162.37692260742188,0.0011964017977099672
1082,2024-09-05,162.37692260742188,161.77658081054688,-0.014161054339873136
1083,2024-09-06,161.77658081054688,163.9712677001953,-0.00369721132310441
1084,2024-09-09,163.9712677001953,164.7290802001953,0.013566159444416748
1085,2024-09-10,164.7290802001953,162.20960998535156,0.004621617620140572
1086,2024-09-11,162.20960998535156,162.03245544433594,-0.015294629289387407
1087,2024-09-12,162.03245544433594,162.89852905273438,-0.0010921334502415059
1088,2024-09-13,162.89852905273438,164.34524536132812,0.0053450625433246746
1089,2024-09-16,164.34524536132812,164.4239959716797,0.008881088841050211
1090,2024-09-17,164.4239959716797,163.5185546875,0.0004791779048942679
1091,2024-09-18,163.5185546875,162.20960998535156,-0.0055067466207039395
1092,2024-09-19,162.20960998535156,161.56007385253906,-0.008004869567554307
1093,2024-09-20,161.56007385253906,160.63494873046875,-0.004004301180868142
1094,2024-09-23,160.63494873046875,160.20191955566406,-0.005726198930279702
1095,2024-09-24,160.20191955566406,158.05645751953125,-0.0026957345099992702
1096,2024-09-25,158.05645751953125,158.8339385986328,-0.01339223676023027
1097,2024-09-26,158.8339385986328,158.84376525878906,0.0049190086333896765
1098,2024-09-27,158.84376525878906,159.49331665039062,6.186750919190409e-05
1099,2024-09-30,159.49331665039062,159.4244384765625,0.00408924700659985
1100,2024-10-01,159.4244384765625,158.61741638183594,-0.0004318561760120465
1101,2024-10-02,158.61741638183594,157.95803833007812,-0.00506209777144806
1102,2024-10-03,157.95803833007812,157.7513427734375,-0.004157034371121693
1103,2024-10-04,157.7513427734375,157.00338745117188,-0.0013085472498000073
1104,2024-10-07,157.00338745117188,157.16085815429688,-0.004741356296027455
1105,2024-10-08,157.16085815429688,158.10565185546875,0.0010029764687335962
1106,2024-10-09,158.10565185546875,157.96786499023438,0.006011634908765329
1107,2024-10-10,157.96786499023438,158.90283203125,-0.0008714860197428509
1108,2024-10-11,158.90283203125,159.04061889648438,0.005918716702751015
1109,2024-10-14,159.04061889648438,161.5010223388672,0.0008671139681593054
1110,2024-10-15,161.5010223388672,161.67816162109375,0.015470283374489524
1111,2024-10-16,161.67816162109375,161.8651580810547,0.0010968307176091319
1112,2024-10-17,161.8651580810547,162.50485229492188,0.0011565968964886153
1113,2024-10-18,162.50485229492188,160.25112915039062,0.003952019208153912
1114,2024-10-21,160.25112915039062,160.86131286621094,-0.013868651383043495
1115,2024-10-22,160.86131286621094,163.23313903808594,0.003807671865124096
1116,2024-10-23,163.23313903808594,161.07781982421875,0.014744540682989804
1117,2024-10-24,161.07781982421875,158.33201599121094,-0.013203931668337887
1118,2024-10-25,158.33201599121094,159.04061889648438,-0.01704644274428513
1119,2024-10-28,159.04061889648438,157.5545196533203,0.004475424005924156
1120,2024-10-29,157.5545196533203,158.06629943847656,-0.009344149019762882
1121,2024-10-30,158.06629943847656,157.3281707763672,0.0032482710510772783
1122,2024-10-31,157.3281707763672,157.59390258789062,-0.004669740891838026
1123,2024-11-01,157.59390258789062,155.73382568359375,0.0016890288001960574
1124,2024-11-04,155.73382568359375,155.8420867919922,-0.01180297507550776
1125,2024-11-05,155.8420867919922,155.37953186035156,0.0006951675907480581
1126,2024-11-06,155.37953186035156,154.24774169921875,-0.0029681002170999227
1127,2024-11-07,154.24774169921875,153.0076904296875,-0.0072840363694107735
1128,2024-11-08,153.0076904296875,152.58448791503906,-0.008039347972752409
1129,2024-11-11,152.58448791503906,150.22251892089844,-0.0027658904821056263
1130,2024-11-12,150.22251892089844,150.81301879882812,-0.015479745198317962
1131,2024-11-13,150.81301879882812,149.46470642089844,0.003930834619013668
1132,2024-11-14,149.46470642089844,151.56097412109375,-0.008940291684819468
1133,2024-11-15,151.56097412109375,152.31878662109375,0.014025168552448397
1134,2024-11-18,152.31878662109375,150.57681274414062,0.005000050338779927
1135,2024-11-19,150.57681274414062,150.68507385253906,-0.011436369180687023
1136,2024-11-20,150.68507385253906,153.03721618652344,0.0007189759593491107
1137,2024-11-21,153.03721618652344,152.71243286132812,0.015609657107021668
1138,2024-11-22,152.71243286132812,153.31277465820312,-0.002122250608632803
1139,2024-11-25,153.31277465820312,153.29295349121094,0.003931191361610686
1140,2024-11-26,153.29295349121094,154.16595458984375,-0.0001292858148081999
1141,2024-11-27,154.16595458984375,153.779052734375,0.005694985181969647
1142,2024-11-29,153.779052734375,153.5707244873047,-0.0025096452488365673
1143,2024-12-02,153.5707244873047,151.1501007080078,-0.0013547244788284507
1144,2024-12-03,151.1501007080078,149.27511596679688,-0.0157622736193902
1145,2024-12-04,149.27511596679688,148.33265686035156,-0.012404786582531191
1146,2024-12-05,148.33265686035156,148.1243133544922,-0.006313571423752551
1147,2024-12-06,148.1243133544922,148.41201782226562,-0.0014045693663771175
1148,2024-12-09,148.41201782226562,148.04495239257812,0.0019423176469679504
1149,2024-12-10,148.04495239257812,145.47552490234375,-0.0024732864297222212
1150,2024-12-11,145.47552490234375,145.07870483398438,-0.01735572505991889
1151,2024-12-12,145.07870483398438,145.45567321777344,-0.0027277445372735354
1152,2024-12-13,145.45567321777344,142.7076873779297,0.0025983715819659636
1153,2024-12-16,142.7076873779297,145.24734497070312,-0.018892256170232158
1154,2024-12-17,145.24734497070312,143.60052490234375,0.01779622134894332
1155,2024-12-18,143.60052490234375,142.4398193359375,-0.011338039044304304
1156,2024-12-19,142.4398193359375,143.32275390625,-0.008082878298638518
1157,2024-12-20,143.32275390625,144.1164093017578,0.0061986498889761155
1158,2024-12-23,144.1164093017578,144.69180297851562,0.005537539391874624
1159,2024-12-24,144.69180297851562,144.42393493652344,0.003992561843204401
1160,2024-12-26,144.42393493652344,143.8981475830078,-0.0018513007404570292
1161,2024-12-27,143.8981475830078,142.20172119140625,-0.003640583215979487
1162,2024-12-30,142.20172119140625,143.4715576171875,-0.011789077344605658
1163,2024-12-31,143.4715576171875,142.87632751464844,0.008929824583993717
1164,2025-01-02,142.87632751464844,143.04498291015625,-0.004148767270843012
1165,2025-01-03,143.04498291015625,142.51919555664062,0.001180429245639214
1166,2025-01-06,142.51919555664062,145.0687713623047,-0.003675678397234372
1167,2025-01-07,145.0687713623047,141.14022827148438,0.017889350243004865
1168,2025-01-08,141.14022827148438,140.931884765625,-0.027080556717537063
1169,2025-01-10,140.931884765625,143.32275390625,-0.0014761454505983762
1170,2025-01-13,143.32275390625,143.60052490234375,0.01696471415677947
1171,2025-01-14,143.60052490234375,143.81878662109375,0.001938080231666861
1172,2025-01-15,143.81878662109375,146.5965576171875,0.0015199228477642546
1173,2025-01-16,146.5965576171875,145.8624267578125,0.019314382087036286
1174,2025-01-17,145.8624267578125,146.97352600097656,-0.0050078315023743825
1175,2025-01-21,146.97352600097656,144.1164093017578,0.007617446575250764
1176,2025-01-22,144.1164093017578,145.47552490234375,-0.019439669013586625
1177,2025-01-23,145.47552490234375,145.6540985107422,0.009430679040442591
1178,2025-01-24,145.6540985107422,151.67588806152344,0.0012275165084869588
1179,2025-01-27,151.67588806152344,149.18582153320312,0.041343083458356134
1180,2025-01-28,149.18582153320312,149.94970703125,-0.01641702290419611
1181,2025-01-29,149.94970703125,151.6560516357422,0.005120362580011362
1182,2025-01-30,151.6560516357422,150.94175720214844,0.011379446070785448
1183,2025-01-31,150.94175720214844,150.6639862060547,-0.004709963274722395
1184,2025-02-03,150.6639862060547,152.27113342285156,-0.0018402528315722977
1185,2025-02-04,152.27113342285156,153.4615936279297,0.010667096080936522
1186,2025-02-05,153.4615936279297,152.29095458984375,0.007818029447329788
1187,2025-02-06,152.29095458984375,151.904052734375,-0.007628221566134519
1188,2025-02-07,151.904052734375,153.0151824951172,-0.002540543898426284
1189,2025-02-10,153.0151824951172,154.89016723632812,0.007314681476505047
1190,2025-02-11,154.89016723632812,154.02706909179688,0.01225358628233364
1191,2025-02-12,154.02706909179688,156.0012664794922,-0.0055723236660617514
1192,2025-02-13,156.0012664794922,154.91000366210938,0.012817210632753984
1193,2025-02-14,154.91000366210938,154.99000549316406,-0.006995217680019761
1194,2025-02-18,154.99000549316406,157.88999938964844,0.0005164407021072126
1195,2025-02-19,157.88999938964844,159.67999267578125,0.018710844529986614
1196,2025-02-20,159.67999267578125,162.3000030517578,0.011336964298260366
1197,2025-02-21,162.3000030517578,163.74000549316406,0.016407881363674104
1198,2025-02-24,163.74000549316406,166.08999633789062,0.008872473286072768
1199,2025-02-25,166.08999633789062,163.0800018310547,0.01435196510253367
1200,2025-02-26,163.0800018310547,163.72999572753906,-0.018122671883937236
1201,2025-02-27,163.72999572753906,165.02000427246094,0.003985736382059457
1202,2025-02-28,165.02000427246094,167.27999877929688,0.007878877289342556
1203,2025-03-03,167.27999877929688,165.4199981689453,0.01369527601698839
1204,2025-03-04,165.4199981689453,165.1199951171875,-0.011119085508875304
1205,2025-03-05,165.1199951171875,165.8300018310547,-0.0018135839383301988
1206,2025-03-06,165.8300018310547,166.69000244140625,0.004299943888462998
1207,2025-03-07,166.69000244140625,167.6999969482422,0.005186037513451369
1208,2025-03-10,167.6999969482422,165.86000061035156,0.006059118675644459
1209,2025-03-11,165.86000061035156,162.85000610351562,-0.010971952125070739
1210,2025-03-12,162.85000610351562,162.99000549316406,-0.01814780233787172
1211,2025-03-13,162.99000549316406,162.80999755859375,0.0008596830482121565
1212,2025-03-14,162.80999755859375,162.83999633789062,-0.0011044108749224124
1213,2025-03-17,162.83999633789062,164.25,0.00018425637090291325
1214,2025-03-18,164.25,162.99000549316406,0.008658828873857383
1215,2025-03-19,162.99000549316406,163.02000427246094,-0.007671199432791043
1216,2025-03-20,163.02000427246094,163.6300048828125,0.00018405287616318766
1217,2025-03-21,163.6300048828125,163.2899932861328,0.0037418758088856308
1218,2025-03-24,163.2899932861328,161.02000427246094,-0.002077929392736988
1219,2025-03-25,161.02000427246094,161.72000122070312,-0.013901580666331292
1220,2025-03-26,161.72000122070312,163.1300048828125,0.004347266983409925
1221,2025-03-27,163.1300048828125,163.7100067138672,0.008718795767167498
1222,2025-03-28,163.7100067138672,165.83999633789062,0.0035554576944403227
1223,2025-03-31,165.83999633789062,153.25,0.013010747887551188
1224,2025-04-01,153.25,155.36000061035156,-0.07591652566271856
1225,2025-04-02,155.36000061035156,159.82000732421875,0.013768356348134114
1226,2025-04-03,159.82000732421875,153.24000549316406,0.028707561124777792
1227,2025-04-04,153.24000549316406,150.6199951171875,-0.04117132730263351
1228,2025-04-07,150.6199951171875,150.0,-0.017097430710373063
1229,2025-04-08,150.0,150.97000122070312,-0.004116286929269353
1230,2025-04-09,150.97000122070312,148.69000244140625,0.006466674804687544
1231,2025-04-10,148.69000244140625,151.72999572753906,-0.015102330005043463
1232,2025-04-11,151.72999572753906,154.36000061035156,0.020445176112837693
1233,2025-04-14,154.36000061035156,153.6199951171875,0.01733345387773677
1234,2025-04-15,153.6199951171875,153.91000366210938,-0.004794023647564316
1235,2025-04-16,153.91000366210938,157.47000122070312,0.0018878307130569816
1236,2025-04-17,157.47000122070312,156.9199981689453,0.023130384470715137
1237,2025-04-21,156.9199981689453,157.75,-0.003492748126590506
1238,2025-04-22,157.75,155.3800048828125,0.005289331128853769
1239,2025-04-23,155.3800048828125,154.92999267578125,-0.015023740837955657
1240,2025-04-24,154.92999267578125,154.5800018310547,-0.002896204098916333
1241,2025-04-25,154.5800018310547,155.35000610351562,-0.002259025761777278
1242,2025-04-28,155.35000610351562,155.91000366210938,0.004981267067796447
1243,2025-04-29,155.91000366210938,156.30999755859375,0.003604747580251866
1244,2025-04-30,156.30999755859375,154.4600067138672,0.002565543500026024
1245,2025-05-01,154.4600067138672,156.1199951171875,-0.011835396798807296
1246,2025-05-02,156.1199951171875,155.0,0.010747043449217175
1247,2025-05-05,155.0,154.47000122070312,-0.007173937690343912
1248,2025-05-06,154.47000122070312,157.3000030517578,-0.0034193469632056717
1249,2025-05-07,157.3000030517578,155.66000366210938,0.01832072123189299
1250,2025-05-08,155.66000366210938,154.22000122070312,-0.010425933616217464
1251,2025-05-09,154.22000122070312,154.13999938964844,-0.009250946983992536
1252,2025-05-12,154.13999938964844,148.44000244140625,-0.0005187513320026316
1253,2025-05-13,148.44000244140625,146.36000061035156,-0.03697934975225503
1254,2025-05-14,146.36000061035156,149.61000061035156,-0.014012407685561223
1255,2025-05-15,149.61000061035156,151.3300018310547,0.022205520541451307
